
Reproducing Table VII: PnP-PDS Proposed only
Images: ['01.png', '02.png', '03.png']
Image dir: /home/dc3000/shares/mdrive/PhD/projects_6oct2025/score_primal_dual_pnp_project/refs/pds_pnp_ref/datasets/set3
Kernel: /home/dc3000/shares/mdrive/PhD/projects_6oct2025/score_primal_dual_pnp_project/refs/pds_pnp_ref/blur_models/blur_1.mat
Model: /home/dc3000/shares/mdrive/PhD/projects_6oct2025/score_primal_dual_pnp_project/refs/pds_pnp_ref/nn/DnCNN_nobn_nch_1_nlev_0.01.pth
Output: /home/dc3000/shares/mdrive/PhD/projects_6oct2025/score_primal_dual_pnp_project/refs/pds_pnp_ref/results_table7_proposed


=== Deblurring | eta=1 | lambda=0.002 | max_iter=4800 | r=1 ===
    iter 00001/4800 PSNR:3.457 SSIM:0.0235 c:2.838e-02
    iter 00100/4800 PSNR:10.985 SSIM:0.1462 c:2.729e-03
    iter 00200/4800 PSNR:12.660 SSIM:0.1923 c:2.026e-03
    iter 00300/4800 PSNR:14.125 SSIM:0.2511 c:2.171e-03
    iter 00400/4800 PSNR:15.602 SSIM:0.3457 c:1.864e-03
    iter 00500/4800 PSNR:16.733 SSIM:0.4355 c:1.251e-03
    iter 00600/4800 PSNR:17.379 SSIM:0.4904 c:6.842e-04
    iter 00700/4800 PSNR:17.777 SSIM:0.5242 c:4.611e-04
    iter 00800/4800 PSNR:18.058 SSIM:0.5475 c:3.654e-04
    iter 00900/4800 PSNR:18.248 SSIM:0.5663 c:2.360e-04
    iter 01000/4800 PSNR:18.380 SSIM:0.5801 c:1.761e-04
    iter 01100/4800 PSNR:18.476 SSIM:0.5886 c:1.405e-04
    iter 01200/4800 PSNR:18.548 SSIM:0.5954 c:1.188e-04
    iter 01300/4800 PSNR:18.602 SSIM:0.6005 c:9.816e-05
    iter 01400/4800 PSNR:18.642 SSIM:0.6038 c:8.484e-05
    iter 01500/4800 PSNR:18.672 SSIM:0.6062 c:8.164e-05
    iter 01600/4800 PSNR:18.692 SSIM:0.6083 c:8.063e-05
    iter 01700/4800 PSNR:18.706 SSIM:0.6102 c:6.977e-05
    iter 01800/4800 PSNR:18.716 SSIM:0.6118 c:5.987e-05
    iter 01900/4800 PSNR:18.723 SSIM:0.6130 c:5.423e-05
    iter 02000/4800 PSNR:18.727 SSIM:0.6138 c:4.980e-05
    iter 02100/4800 PSNR:18.729 SSIM:0.6145 c:4.431e-05
    iter 02200/4800 PSNR:18.730 SSIM:0.6151 c:4.031e-05
    iter 02300/4800 PSNR:18.730 SSIM:0.6156 c:3.650e-05
    iter 02400/4800 PSNR:18.730 SSIM:0.6160 c:3.362e-05
    iter 02500/4800 PSNR:18.729 SSIM:0.6163 c:3.253e-05
    iter 02600/4800 PSNR:18.728 SSIM:0.6166 c:3.131e-05
    iter 02700/4800 PSNR:18.727 SSIM:0.6169 c:2.985e-05
    iter 02800/4800 PSNR:18.726 SSIM:0.6172 c:3.026e-05
    iter 02900/4800 PSNR:18.725 SSIM:0.6174 c:2.893e-05
    iter 03000/4800 PSNR:18.724 SSIM:0.6177 c:2.499e-05
    iter 03100/4800 PSNR:18.723 SSIM:0.6179 c:2.283e-05
    iter 03200/4800 PSNR:18.722 SSIM:0.6181 c:2.156e-05
    iter 03300/4800 PSNR:18.721 SSIM:0.6183 c:2.079e-05
    iter 03400/4800 PSNR:18.721 SSIM:0.6185 c:2.154e-05
    iter 03500/4800 PSNR:18.721 SSIM:0.6187 c:2.269e-05
    iter 03600/4800 PSNR:18.721 SSIM:0.6189 c:2.099e-05
    iter 03700/4800 PSNR:18.721 SSIM:0.6191 c:2.031e-05
    iter 03800/4800 PSNR:18.721 SSIM:0.6194 c:2.096e-05
    iter 03900/4800 PSNR:18.722 SSIM:0.6196 c:2.206e-05
    iter 04000/4800 PSNR:18.723 SSIM:0.6199 c:2.160e-05
    iter 04100/4800 PSNR:18.726 SSIM:0.6202 c:2.106e-05
    iter 04200/4800 PSNR:18.729 SSIM:0.6206 c:2.033e-05
    iter 04300/4800 PSNR:18.732 SSIM:0.6209 c:1.934e-05
    iter 04400/4800 PSNR:18.735 SSIM:0.6213 c:1.898e-05
    iter 04500/4800 PSNR:18.739 SSIM:0.6217 c:1.998e-05
    iter 04600/4800 PSNR:18.743 SSIM:0.6221 c:2.255e-05
    iter 04700/4800 PSNR:18.749 SSIM:0.6225 c:2.575e-05
    iter 04800/4800 PSNR:18.755 SSIM:0.6231 c:2.755e-05
image 1/3 01.png: PSNR=18.7550, SSIM=0.6231, update=2.755e-05
    iter 00001/4800 PSNR:2.856 SSIM:0.0072 c:2.816e-02
    iter 00100/4800 PSNR:10.422 SSIM:0.0324 c:2.670e-03
    iter 00200/4800 PSNR:12.258 SSIM:0.0747 c:2.158e-03
    iter 00300/4800 PSNR:13.953 SSIM:0.1771 c:2.256e-03
    iter 00400/4800 PSNR:15.686 SSIM:0.3253 c:1.823e-03
    iter 00500/4800 PSNR:17.062 SSIM:0.4430 c:1.207e-03
    iter 00600/4800 PSNR:17.900 SSIM:0.5142 c:6.688e-04
    iter 00700/4800 PSNR:18.404 SSIM:0.5591 c:4.061e-04
    iter 00800/4800 PSNR:18.756 SSIM:0.5908 c:2.592e-04
    iter 00900/4800 PSNR:19.029 SSIM:0.6130 c:2.069e-04
    iter 01000/4800 PSNR:19.254 SSIM:0.6279 c:1.648e-04
    iter 01100/4800 PSNR:19.446 SSIM:0.6386 c:1.566e-04
    iter 01200/4800 PSNR:19.608 SSIM:0.6475 c:1.478e-04
    iter 01300/4800 PSNR:19.737 SSIM:0.6549 c:1.154e-04
    iter 01400/4800 PSNR:19.836 SSIM:0.6607 c:8.722e-05
    iter 01500/4800 PSNR:19.916 SSIM:0.6648 c:7.937e-05
    iter 01600/4800 PSNR:19.982 SSIM:0.6682 c:8.301e-05
    iter 01700/4800 PSNR:20.034 SSIM:0.6714 c:6.864e-05
    iter 01800/4800 PSNR:20.073 SSIM:0.6737 c:5.986e-05
    iter 01900/4800 PSNR:20.101 SSIM:0.6755 c:5.292e-05
    iter 02000/4800 PSNR:20.122 SSIM:0.6768 c:4.765e-05
    iter 02100/4800 PSNR:20.138 SSIM:0.6778 c:4.441e-05
    iter 02200/4800 PSNR:20.151 SSIM:0.6786 c:4.095e-05
    iter 02300/4800 PSNR:20.160 SSIM:0.6793 c:3.828e-05
    iter 02400/4800 PSNR:20.168 SSIM:0.6800 c:3.706e-05
    iter 02500/4800 PSNR:20.174 SSIM:0.6806 c:3.543e-05
    iter 02600/4800 PSNR:20.179 SSIM:0.6811 c:3.251e-05
    iter 02700/4800 PSNR:20.183 SSIM:0.6816 c:3.024e-05
    iter 02800/4800 PSNR:20.186 SSIM:0.6819 c:2.855e-05
    iter 02900/4800 PSNR:20.190 SSIM:0.6823 c:2.890e-05
    iter 03000/4800 PSNR:20.195 SSIM:0.6828 c:2.917e-05
    iter 03100/4800 PSNR:20.198 SSIM:0.6831 c:2.615e-05
    iter 03200/4800 PSNR:20.200 SSIM:0.6832 c:2.298e-05
    iter 03300/4800 PSNR:20.202 SSIM:0.6833 c:2.181e-05
    iter 03400/4800 PSNR:20.203 SSIM:0.6834 c:2.185e-05
    iter 03500/4800 PSNR:20.206 SSIM:0.6835 c:2.273e-05
    iter 03600/4800 PSNR:20.209 SSIM:0.6836 c:2.402e-05
    iter 03700/4800 PSNR:20.214 SSIM:0.6838 c:2.468e-05
    iter 03800/4800 PSNR:20.218 SSIM:0.6840 c:2.246e-05
    iter 03900/4800 PSNR:20.222 SSIM:0.6841 c:2.124e-05
    iter 04000/4800 PSNR:20.226 SSIM:0.6842 c:2.061e-05
    iter 04100/4800 PSNR:20.230 SSIM:0.6843 c:2.013e-05
    iter 04200/4800 PSNR:20.233 SSIM:0.6844 c:2.050e-05
    iter 04300/4800 PSNR:20.236 SSIM:0.6845 c:2.015e-05
    iter 04400/4800 PSNR:20.239 SSIM:0.6846 c:1.879e-05
    iter 04500/4800 PSNR:20.242 SSIM:0.6848 c:1.865e-05
    iter 04600/4800 PSNR:20.246 SSIM:0.6849 c:2.021e-05
    iter 04700/4800 PSNR:20.249 SSIM:0.6852 c:2.380e-05
    iter 04800/4800 PSNR:20.254 SSIM:0.6856 c:2.146e-05
image 2/3 02.png: PSNR=20.2538, SSIM=0.6856, update=2.146e-05
    iter 00001/4800 PSNR:3.316 SSIM:0.0151 c:2.781e-02
    iter 00100/4800 PSNR:10.793 SSIM:0.0674 c:2.820e-03
    iter 00200/4800 PSNR:12.613 SSIM:0.1228 c:2.260e-03
    iter 00300/4800 PSNR:14.279 SSIM:0.2200 c:2.358e-03
    iter 00400/4800 PSNR:15.901 SSIM:0.3512 c:1.871e-03
    iter 00500/4800 PSNR:16.943 SSIM:0.4471 c:1.068e-03
    iter 00600/4800 PSNR:17.498 SSIM:0.5009 c:6.173e-04
    iter 00700/4800 PSNR:17.831 SSIM:0.5315 c:3.778e-04
    iter 00800/4800 PSNR:18.038 SSIM:0.5483 c:2.512e-04
    iter 00900/4800 PSNR:18.179 SSIM:0.5599 c:1.904e-04
    iter 01000/4800 PSNR:18.275 SSIM:0.5679 c:1.641e-04
    iter 01100/4800 PSNR:18.340 SSIM:0.5741 c:1.409e-04
    iter 01200/4800 PSNR:18.381 SSIM:0.5785 c:1.244e-04
    iter 01300/4800 PSNR:18.407 SSIM:0.5825 c:1.111e-04
    iter 01400/4800 PSNR:18.421 SSIM:0.5853 c:9.004e-05
    iter 01500/4800 PSNR:18.427 SSIM:0.5870 c:7.588e-05
    iter 01600/4800 PSNR:18.428 SSIM:0.5883 c:6.657e-05
    iter 01700/4800 PSNR:18.423 SSIM:0.5893 c:5.979e-05
    iter 01800/4800 PSNR:18.416 SSIM:0.5901 c:5.452e-05
    iter 01900/4800 PSNR:18.407 SSIM:0.5906 c:5.050e-05
    iter 02000/4800 PSNR:18.396 SSIM:0.5910 c:4.783e-05
    iter 02100/4800 PSNR:18.384 SSIM:0.5914 c:4.435e-05
    iter 02200/4800 PSNR:18.371 SSIM:0.5916 c:4.078e-05
    iter 02300/4800 PSNR:18.356 SSIM:0.5917 c:3.858e-05
    iter 02400/4800 PSNR:18.341 SSIM:0.5917 c:3.598e-05
    iter 02500/4800 PSNR:18.326 SSIM:0.5916 c:3.431e-05
    iter 02600/4800 PSNR:18.311 SSIM:0.5914 c:3.319e-05
    iter 02700/4800 PSNR:18.296 SSIM:0.5912 c:3.192e-05
    iter 02800/4800 PSNR:18.282 SSIM:0.5910 c:3.026e-05
    iter 02900/4800 PSNR:18.268 SSIM:0.5909 c:2.880e-05
    iter 03000/4800 PSNR:18.255 SSIM:0.5907 c:2.701e-05
    iter 03100/4800 PSNR:18.242 SSIM:0.5905 c:2.500e-05
    iter 03200/4800 PSNR:18.229 SSIM:0.5904 c:2.288e-05
    iter 03300/4800 PSNR:18.217 SSIM:0.5902 c:2.118e-05
    iter 03400/4800 PSNR:18.205 SSIM:0.5900 c:2.038e-05
    iter 03500/4800 PSNR:18.193 SSIM:0.5898 c:2.010e-05
    iter 03600/4800 PSNR:18.181 SSIM:0.5896 c:2.007e-05
    iter 03700/4800 PSNR:18.170 SSIM:0.5895 c:1.960e-05
    iter 03800/4800 PSNR:18.158 SSIM:0.5893 c:1.943e-05
    iter 03900/4800 PSNR:18.148 SSIM:0.5891 c:2.024e-05
    iter 04000/4800 PSNR:18.137 SSIM:0.5889 c:2.151e-05
    iter 04100/4800 PSNR:18.127 SSIM:0.5887 c:2.125e-05
    iter 04200/4800 PSNR:18.117 SSIM:0.5885 c:2.103e-05
    iter 04300/4800 PSNR:18.106 SSIM:0.5883 c:2.024e-05
    iter 04400/4800 PSNR:18.097 SSIM:0.5881 c:1.828e-05
    iter 04500/4800 PSNR:18.087 SSIM:0.5880 c:1.676e-05
    iter 04600/4800 PSNR:18.078 SSIM:0.5879 c:1.597e-05
    iter 04700/4800 PSNR:18.070 SSIM:0.5878 c:1.553e-05
    iter 04800/4800 PSNR:18.062 SSIM:0.5878 c:1.526e-05
image 3/3 03.png: PSNR=18.0620, SSIM=0.5878, update=1.526e-05
AVERAGE Deblurring, eta=1: PSNR=19.0236, SSIM=0.6321

=== Deblurring | eta=2 | lambda=0.002 | max_iter=4800 | r=1 ===
    iter 00001/4800 PSNR:6.388 SSIM:0.0340 c:2.144e-02
    iter 00100/4800 PSNR:13.042 SSIM:0.1795 c:2.500e-03
    iter 00200/4800 PSNR:15.434 SSIM:0.2608 c:2.568e-03
    iter 00300/4800 PSNR:17.723 SSIM:0.4136 c:1.827e-03
    iter 00400/4800 PSNR:18.809 SSIM:0.5051 c:8.089e-04
    iter 00500/4800 PSNR:19.291 SSIM:0.5559 c:4.061e-04
    iter 00600/4800 PSNR:19.568 SSIM:0.5880 c:2.775e-04
    iter 00700/4800 PSNR:19.738 SSIM:0.6068 c:2.003e-04
    iter 00800/4800 PSNR:19.845 SSIM:0.6197 c:1.545e-04
    iter 00900/4800 PSNR:19.914 SSIM:0.6289 c:1.272e-04
    iter 01000/4800 PSNR:19.957 SSIM:0.6347 c:9.270e-05
    iter 01100/4800 PSNR:19.981 SSIM:0.6381 c:8.278e-05
    iter 01200/4800 PSNR:19.990 SSIM:0.6408 c:7.938e-05
    iter 01300/4800 PSNR:19.989 SSIM:0.6426 c:7.140e-05
    iter 01400/4800 PSNR:19.984 SSIM:0.6438 c:5.957e-05
    iter 01500/4800 PSNR:19.977 SSIM:0.6446 c:4.941e-05
    iter 01600/4800 PSNR:19.969 SSIM:0.6450 c:4.376e-05
    iter 01700/4800 PSNR:19.960 SSIM:0.6453 c:3.951e-05
    iter 01800/4800 PSNR:19.954 SSIM:0.6456 c:3.636e-05
    iter 01900/4800 PSNR:19.949 SSIM:0.6458 c:3.273e-05
    iter 02000/4800 PSNR:19.944 SSIM:0.6460 c:2.952e-05
    iter 02100/4800 PSNR:19.941 SSIM:0.6461 c:2.693e-05
    iter 02200/4800 PSNR:19.937 SSIM:0.6463 c:2.527e-05
    iter 02300/4800 PSNR:19.935 SSIM:0.6464 c:2.257e-05
    iter 02400/4800 PSNR:19.933 SSIM:0.6465 c:2.024e-05
    iter 02500/4800 PSNR:19.931 SSIM:0.6466 c:1.828e-05
    iter 02600/4800 PSNR:19.929 SSIM:0.6467 c:1.658e-05
    iter 02700/4800 PSNR:19.927 SSIM:0.6468 c:1.500e-05
    iter 02800/4800 PSNR:19.926 SSIM:0.6468 c:1.393e-05
    iter 02900/4800 PSNR:19.925 SSIM:0.6469 c:1.327e-05
    iter 03000/4800 PSNR:19.925 SSIM:0.6470 c:1.278e-05
    iter 03100/4800 PSNR:19.925 SSIM:0.6470 c:1.280e-05
    iter 03200/4800 PSNR:19.925 SSIM:0.6471 c:1.317e-05
    iter 03300/4800 PSNR:19.925 SSIM:0.6471 c:1.371e-05
    iter 03400/4800 PSNR:19.925 SSIM:0.6472 c:1.368e-05
    iter 03500/4800 PSNR:19.925 SSIM:0.6472 c:1.255e-05
    iter 03600/4800 PSNR:19.924 SSIM:0.6472 c:1.118e-05
    iter 03700/4800 PSNR:19.924 SSIM:0.6472 c:1.003e-05
    iter 03800/4800 PSNR:19.924 SSIM:0.6472 c:9.335e-06
    iter 03900/4800 PSNR:19.924 SSIM:0.6472 c:8.765e-06
    iter 04000/4800 PSNR:19.924 SSIM:0.6473 c:8.450e-06
    iter 04100/4800 PSNR:19.924 SSIM:0.6473 c:8.315e-06
    iter 04200/4800 PSNR:19.925 SSIM:0.6473 c:8.387e-06
    iter 04300/4800 PSNR:19.925 SSIM:0.6473 c:8.428e-06
    iter 04400/4800 PSNR:19.925 SSIM:0.6474 c:8.260e-06
    iter 04500/4800 PSNR:19.925 SSIM:0.6474 c:7.803e-06
    iter 04600/4800 PSNR:19.926 SSIM:0.6475 c:7.492e-06
    iter 04700/4800 PSNR:19.926 SSIM:0.6475 c:7.396e-06
    iter 04800/4800 PSNR:19.927 SSIM:0.6476 c:7.699e-06
image 1/3 01.png: PSNR=19.9272, SSIM=0.6476, update=7.699e-06
    iter 00001/4800 PSNR:5.817 SSIM:0.0138 c:2.136e-02
    iter 00100/4800 PSNR:12.603 SSIM:0.0561 c:2.515e-03
    iter 00200/4800 PSNR:15.268 SSIM:0.1838 c:2.522e-03
    iter 00300/4800 PSNR:17.837 SSIM:0.3849 c:1.753e-03
    iter 00400/4800 PSNR:19.347 SSIM:0.5107 c:8.694e-04
    iter 00500/4800 PSNR:20.133 SSIM:0.5812 c:4.720e-04
    iter 00600/4800 PSNR:20.564 SSIM:0.6195 c:2.670e-04
    iter 00700/4800 PSNR:20.844 SSIM:0.6445 c:1.955e-04
    iter 00800/4800 PSNR:21.036 SSIM:0.6601 c:1.469e-04
    iter 00900/4800 PSNR:21.176 SSIM:0.6705 c:1.284e-04
    iter 01000/4800 PSNR:21.276 SSIM:0.6781 c:1.034e-04
    iter 01100/4800 PSNR:21.350 SSIM:0.6833 c:8.982e-05
    iter 01200/4800 PSNR:21.411 SSIM:0.6873 c:8.314e-05
    iter 01300/4800 PSNR:21.459 SSIM:0.6909 c:7.971e-05
    iter 01400/4800 PSNR:21.497 SSIM:0.6941 c:7.430e-05
    iter 01500/4800 PSNR:21.526 SSIM:0.6968 c:6.920e-05
    iter 01600/4800 PSNR:21.546 SSIM:0.6989 c:6.129e-05
    iter 01700/4800 PSNR:21.558 SSIM:0.7004 c:5.460e-05
    iter 01800/4800 PSNR:21.566 SSIM:0.7013 c:5.306e-05
    iter 01900/4800 PSNR:21.569 SSIM:0.7020 c:4.947e-05
    iter 02000/4800 PSNR:21.570 SSIM:0.7025 c:4.402e-05
    iter 02100/4800 PSNR:21.567 SSIM:0.7030 c:3.834e-05
    iter 02200/4800 PSNR:21.563 SSIM:0.7034 c:3.375e-05
    iter 02300/4800 PSNR:21.558 SSIM:0.7036 c:3.077e-05
    iter 02400/4800 PSNR:21.551 SSIM:0.7037 c:2.781e-05
    iter 02500/4800 PSNR:21.543 SSIM:0.7038 c:2.584e-05
    iter 02600/4800 PSNR:21.533 SSIM:0.7038 c:2.493e-05
    iter 02700/4800 PSNR:21.523 SSIM:0.7038 c:2.397e-05
    iter 02800/4800 PSNR:21.511 SSIM:0.7038 c:2.340e-05
    iter 02900/4800 PSNR:21.500 SSIM:0.7037 c:2.289e-05
    iter 03000/4800 PSNR:21.489 SSIM:0.7036 c:2.138e-05
    iter 03100/4800 PSNR:21.479 SSIM:0.7036 c:1.863e-05
    iter 03200/4800 PSNR:21.470 SSIM:0.7036 c:1.532e-05
    iter 03300/4800 PSNR:21.460 SSIM:0.7036 c:1.371e-05
    iter 03400/4800 PSNR:21.450 SSIM:0.7035 c:1.367e-05
    iter 03500/4800 PSNR:21.441 SSIM:0.7034 c:1.328e-05
    iter 03600/4800 PSNR:21.431 SSIM:0.7033 c:1.407e-05
    iter 03700/4800 PSNR:21.420 SSIM:0.7031 c:1.564e-05
    iter 03800/4800 PSNR:21.409 SSIM:0.7030 c:1.746e-05
    iter 03900/4800 PSNR:21.400 SSIM:0.7028 c:1.522e-05
    iter 04000/4800 PSNR:21.392 SSIM:0.7028 c:1.347e-05
    iter 04100/4800 PSNR:21.385 SSIM:0.7027 c:1.300e-05
    iter 04200/4800 PSNR:21.379 SSIM:0.7027 c:1.324e-05
    iter 04300/4800 PSNR:21.374 SSIM:0.7027 c:1.324e-05
    iter 04400/4800 PSNR:21.369 SSIM:0.7027 c:1.376e-05
    iter 04500/4800 PSNR:21.364 SSIM:0.7027 c:1.412e-05
    iter 04600/4800 PSNR:21.359 SSIM:0.7027 c:1.662e-05
    iter 04700/4800 PSNR:21.354 SSIM:0.7027 c:1.888e-05
    iter 04800/4800 PSNR:21.349 SSIM:0.7027 c:1.837e-05
image 2/3 02.png: PSNR=21.3493, SSIM=0.7027, update=1.837e-05
    iter 00001/4800 PSNR:6.252 SSIM:0.0281 c:2.063e-02
    iter 00100/4800 PSNR:12.739 SSIM:0.1039 c:2.653e-03
    iter 00200/4800 PSNR:15.208 SSIM:0.2249 c:2.656e-03
    iter 00300/4800 PSNR:17.498 SSIM:0.4099 c:1.942e-03
    iter 00400/4800 PSNR:18.651 SSIM:0.5154 c:8.421e-04
    iter 00500/4800 PSNR:19.120 SSIM:0.5600 c:3.997e-04
    iter 00600/4800 PSNR:19.360 SSIM:0.5818 c:2.637e-04
    iter 00700/4800 PSNR:19.503 SSIM:0.5956 c:1.987e-04
    iter 00800/4800 PSNR:19.589 SSIM:0.6042 c:1.601e-04
    iter 00900/4800 PSNR:19.638 SSIM:0.6096 c:1.283e-04
    iter 01000/4800 PSNR:19.667 SSIM:0.6136 c:1.101e-04
    iter 01100/4800 PSNR:19.680 SSIM:0.6160 c:8.740e-05
    iter 01200/4800 PSNR:19.684 SSIM:0.6178 c:7.961e-05
    iter 01300/4800 PSNR:19.682 SSIM:0.6191 c:7.114e-05
    iter 01400/4800 PSNR:19.674 SSIM:0.6199 c:6.072e-05
    iter 01500/4800 PSNR:19.662 SSIM:0.6202 c:5.433e-05
    iter 01600/4800 PSNR:19.647 SSIM:0.6204 c:4.978e-05
    iter 01700/4800 PSNR:19.631 SSIM:0.6206 c:4.586e-05
    iter 01800/4800 PSNR:19.614 SSIM:0.6207 c:4.372e-05
    iter 01900/4800 PSNR:19.598 SSIM:0.6209 c:4.349e-05
    iter 02000/4800 PSNR:19.581 SSIM:0.6212 c:4.262e-05
    iter 02100/4800 PSNR:19.564 SSIM:0.6216 c:3.730e-05
    iter 02200/4800 PSNR:19.547 SSIM:0.6219 c:3.307e-05
    iter 02300/4800 PSNR:19.530 SSIM:0.6221 c:3.025e-05
    iter 02400/4800 PSNR:19.513 SSIM:0.6222 c:2.968e-05
    iter 02500/4800 PSNR:19.497 SSIM:0.6223 c:2.905e-05
    iter 02600/4800 PSNR:19.480 SSIM:0.6224 c:2.899e-05
    iter 02700/4800 PSNR:19.463 SSIM:0.6224 c:2.983e-05
    iter 02800/4800 PSNR:19.446 SSIM:0.6224 c:3.102e-05
    iter 02900/4800 PSNR:19.428 SSIM:0.6224 c:3.110e-05
    iter 03000/4800 PSNR:19.410 SSIM:0.6224 c:2.908e-05
    iter 03100/4800 PSNR:19.394 SSIM:0.6224 c:2.646e-05
    iter 03200/4800 PSNR:19.382 SSIM:0.6223 c:2.345e-05
    iter 03300/4800 PSNR:19.370 SSIM:0.6223 c:1.942e-05
    iter 03400/4800 PSNR:19.361 SSIM:0.6222 c:1.749e-05
    iter 03500/4800 PSNR:19.352 SSIM:0.6222 c:1.630e-05
    iter 03600/4800 PSNR:19.343 SSIM:0.6221 c:1.541e-05
    iter 03700/4800 PSNR:19.336 SSIM:0.6220 c:1.482e-05
    iter 03800/4800 PSNR:19.328 SSIM:0.6220 c:1.456e-05
    iter 03900/4800 PSNR:19.322 SSIM:0.6219 c:1.446e-05
    iter 04000/4800 PSNR:19.315 SSIM:0.6219 c:1.547e-05
    iter 04100/4800 PSNR:19.310 SSIM:0.6218 c:1.415e-05
    iter 04200/4800 PSNR:19.304 SSIM:0.6218 c:1.318e-05
    iter 04300/4800 PSNR:19.298 SSIM:0.6217 c:1.307e-05
    iter 04400/4800 PSNR:19.292 SSIM:0.6217 c:1.333e-05
    iter 04500/4800 PSNR:19.286 SSIM:0.6217 c:1.326e-05
    iter 04600/4800 PSNR:19.280 SSIM:0.6216 c:1.308e-05
    iter 04700/4800 PSNR:19.275 SSIM:0.6216 c:1.322e-05
    iter 04800/4800 PSNR:19.270 SSIM:0.6216 c:1.343e-05
image 3/3 03.png: PSNR=19.2703, SSIM=0.6216, update=1.343e-05
AVERAGE Deblurring, eta=2: PSNR=20.1823, SSIM=0.6573

=== Deblurring | eta=10 | lambda=0.0015 | max_iter=4800 | r=1 ===
    iter 00001/4800 PSNR:12.798 SSIM:0.0903 c:9.158e-03
    iter 00100/4800 PSNR:20.390 SSIM:0.5057 c:2.846e-03
    iter 00200/4800 PSNR:21.764 SSIM:0.6662 c:4.503e-04
    iter 00300/4800 PSNR:22.037 SSIM:0.6932 c:1.994e-04
    iter 00400/4800 PSNR:22.131 SSIM:0.7011 c:1.182e-04
    iter 00500/4800 PSNR:22.162 SSIM:0.7040 c:8.147e-05
    iter 00600/4800 PSNR:22.176 SSIM:0.7054 c:6.316e-05
    iter 00700/4800 PSNR:22.183 SSIM:0.7063 c:5.177e-05
    iter 00800/4800 PSNR:22.187 SSIM:0.7071 c:4.438e-05
    iter 00900/4800 PSNR:22.189 SSIM:0.7078 c:3.631e-05
    iter 01000/4800 PSNR:22.189 SSIM:0.7083 c:3.006e-05
    iter 01100/4800 PSNR:22.186 SSIM:0.7086 c:2.560e-05
    iter 01200/4800 PSNR:22.182 SSIM:0.7087 c:2.181e-05
    iter 01300/4800 PSNR:22.177 SSIM:0.7087 c:2.022e-05
    iter 01400/4800 PSNR:22.170 SSIM:0.7087 c:1.771e-05
    iter 01500/4800 PSNR:22.165 SSIM:0.7087 c:1.591e-05
    iter 01600/4800 PSNR:22.159 SSIM:0.7086 c:1.551e-05
    iter 01700/4800 PSNR:22.154 SSIM:0.7086 c:1.528e-05
    iter 01800/4800 PSNR:22.149 SSIM:0.7085 c:1.438e-05
    iter 01900/4800 PSNR:22.144 SSIM:0.7085 c:1.395e-05
    iter 02000/4800 PSNR:22.139 SSIM:0.7084 c:1.396e-05
    iter 02100/4800 PSNR:22.134 SSIM:0.7084 c:1.345e-05
    iter 02200/4800 PSNR:22.130 SSIM:0.7084 c:1.244e-05
    iter 02300/4800 PSNR:22.125 SSIM:0.7083 c:1.156e-05
    iter 02400/4800 PSNR:22.122 SSIM:0.7083 c:1.031e-05
    iter 02500/4800 PSNR:22.119 SSIM:0.7083 c:9.436e-06
    iter 02600/4800 PSNR:22.116 SSIM:0.7083 c:8.522e-06
    iter 02700/4800 PSNR:22.113 SSIM:0.7082 c:7.423e-06
    iter 02800/4800 PSNR:22.111 SSIM:0.7082 c:6.655e-06
    iter 02900/4800 PSNR:22.109 SSIM:0.7081 c:6.150e-06
    iter 03000/4800 PSNR:22.108 SSIM:0.7081 c:5.886e-06
    iter 03100/4800 PSNR:22.106 SSIM:0.7081 c:5.752e-06
    iter 03200/4800 PSNR:22.105 SSIM:0.7081 c:5.819e-06
    iter 03300/4800 PSNR:22.104 SSIM:0.7080 c:6.220e-06
    iter 03400/4800 PSNR:22.102 SSIM:0.7080 c:7.077e-06
    iter 03500/4800 PSNR:22.101 SSIM:0.7079 c:8.558e-06
    iter 03600/4800 PSNR:22.099 SSIM:0.7078 c:1.234e-05
    iter 03700/4800 PSNR:22.096 SSIM:0.7077 c:1.405e-05
    iter 03800/4800 PSNR:22.093 SSIM:0.7076 c:1.174e-05
    iter 03900/4800 PSNR:22.090 SSIM:0.7075 c:1.107e-05
    iter 04000/4800 PSNR:22.089 SSIM:0.7074 c:9.364e-06
    iter 04100/4800 PSNR:22.087 SSIM:0.7073 c:6.786e-06
    iter 04200/4800 PSNR:22.087 SSIM:0.7073 c:4.784e-06
    iter 04300/4800 PSNR:22.087 SSIM:0.7073 c:3.784e-06
    iter 04400/4800 PSNR:22.087 SSIM:0.7073 c:3.174e-06
    iter 04500/4800 PSNR:22.087 SSIM:0.7072 c:2.881e-06
    iter 04600/4800 PSNR:22.087 SSIM:0.7072 c:2.727e-06
    iter 04700/4800 PSNR:22.087 SSIM:0.7072 c:2.617e-06
    iter 04800/4800 PSNR:22.086 SSIM:0.7072 c:2.574e-06
image 1/3 01.png: PSNR=22.0864, SSIM=0.7072, update=2.574e-06
    iter 00001/4800 PSNR:12.520 SSIM:0.0505 c:8.240e-03
    iter 00100/4800 PSNR:21.595 SSIM:0.5157 c:2.675e-03
    iter 00200/4800 PSNR:23.687 SSIM:0.7059 c:4.232e-04
    iter 00300/4800 PSNR:24.284 SSIM:0.7406 c:1.858e-04
    iter 00400/4800 PSNR:24.576 SSIM:0.7524 c:1.237e-04
    iter 00500/4800 PSNR:24.724 SSIM:0.7577 c:9.623e-05
    iter 00600/4800 PSNR:24.787 SSIM:0.7601 c:7.714e-05
    iter 00700/4800 PSNR:24.801 SSIM:0.7611 c:6.196e-05
    iter 00800/4800 PSNR:24.793 SSIM:0.7614 c:4.959e-05
    iter 00900/4800 PSNR:24.776 SSIM:0.7614 c:4.187e-05
    iter 01000/4800 PSNR:24.757 SSIM:0.7612 c:3.561e-05
    iter 01100/4800 PSNR:24.741 SSIM:0.7610 c:2.935e-05
    iter 01200/4800 PSNR:24.727 SSIM:0.7608 c:2.750e-05
    iter 01300/4800 PSNR:24.715 SSIM:0.7607 c:2.472e-05
    iter 01400/4800 PSNR:24.707 SSIM:0.7606 c:2.093e-05
    iter 01500/4800 PSNR:24.703 SSIM:0.7605 c:1.928e-05
    iter 01600/4800 PSNR:24.700 SSIM:0.7604 c:2.278e-05
    iter 01700/4800 PSNR:24.697 SSIM:0.7603 c:2.293e-05
    iter 01800/4800 PSNR:24.696 SSIM:0.7602 c:2.055e-05
    iter 01900/4800 PSNR:24.695 SSIM:0.7602 c:2.095e-05
    iter 02000/4800 PSNR:24.693 SSIM:0.7602 c:1.917e-05
    iter 02100/4800 PSNR:24.690 SSIM:0.7601 c:1.631e-05
    iter 02200/4800 PSNR:24.686 SSIM:0.7600 c:1.402e-05
    iter 02300/4800 PSNR:24.681 SSIM:0.7599 c:1.130e-05
    iter 02400/4800 PSNR:24.676 SSIM:0.7598 c:1.151e-05
    iter 02500/4800 PSNR:24.672 SSIM:0.7597 c:1.033e-05
    iter 02600/4800 PSNR:24.666 SSIM:0.7597 c:8.812e-06
    iter 02700/4800 PSNR:24.660 SSIM:0.7596 c:8.439e-06
    iter 02800/4800 PSNR:24.654 SSIM:0.7595 c:7.936e-06
    iter 02900/4800 PSNR:24.648 SSIM:0.7593 c:7.445e-06
    iter 03000/4800 PSNR:24.641 SSIM:0.7592 c:6.870e-06
    iter 03100/4800 PSNR:24.635 SSIM:0.7591 c:6.655e-06
    iter 03200/4800 PSNR:24.629 SSIM:0.7590 c:6.630e-06
    iter 03300/4800 PSNR:24.624 SSIM:0.7590 c:6.552e-06
    iter 03400/4800 PSNR:24.619 SSIM:0.7589 c:6.117e-06
    iter 03500/4800 PSNR:24.614 SSIM:0.7588 c:5.890e-06
    iter 03600/4800 PSNR:24.611 SSIM:0.7588 c:5.649e-06
    iter 03700/4800 PSNR:24.608 SSIM:0.7587 c:5.582e-06
    iter 03800/4800 PSNR:24.606 SSIM:0.7587 c:5.736e-06
    iter 03900/4800 PSNR:24.603 SSIM:0.7586 c:6.046e-06
    iter 04000/4800 PSNR:24.601 SSIM:0.7586 c:6.271e-06
    iter 04100/4800 PSNR:24.598 SSIM:0.7586 c:6.250e-06
    iter 04200/4800 PSNR:24.595 SSIM:0.7585 c:5.935e-06
    iter 04300/4800 PSNR:24.592 SSIM:0.7585 c:5.507e-06
    iter 04400/4800 PSNR:24.588 SSIM:0.7584 c:4.812e-06
    iter 04500/4800 PSNR:24.586 SSIM:0.7584 c:4.331e-06
    iter 04600/4800 PSNR:24.583 SSIM:0.7584 c:3.994e-06
    iter 04700/4800 PSNR:24.581 SSIM:0.7584 c:3.732e-06
    iter 04800/4800 PSNR:24.579 SSIM:0.7583 c:3.548e-06
image 2/3 02.png: PSNR=24.5790, SSIM=0.7583, update=3.548e-06
    iter 00001/4800 PSNR:12.736 SSIM:0.0928 c:7.718e-03
    iter 00100/4800 PSNR:20.402 SSIM:0.5269 c:2.779e-03
    iter 00200/4800 PSNR:21.703 SSIM:0.6650 c:4.212e-04
    iter 00300/4800 PSNR:21.957 SSIM:0.6862 c:1.936e-04
    iter 00400/4800 PSNR:22.042 SSIM:0.6923 c:1.172e-04
    iter 00500/4800 PSNR:22.069 SSIM:0.6945 c:8.651e-05
    iter 00600/4800 PSNR:22.074 SSIM:0.6954 c:6.978e-05
    iter 00700/4800 PSNR:22.071 SSIM:0.6959 c:5.915e-05
    iter 00800/4800 PSNR:22.064 SSIM:0.6961 c:5.251e-05
    iter 00900/4800 PSNR:22.054 SSIM:0.6961 c:4.748e-05
    iter 01000/4800 PSNR:22.048 SSIM:0.6959 c:4.576e-05
    iter 01100/4800 PSNR:22.045 SSIM:0.6956 c:3.784e-05
    iter 01200/4800 PSNR:22.041 SSIM:0.6953 c:3.158e-05
    iter 01300/4800 PSNR:22.036 SSIM:0.6951 c:2.623e-05
    iter 01400/4800 PSNR:22.029 SSIM:0.6948 c:2.145e-05
    iter 01500/4800 PSNR:22.021 SSIM:0.6946 c:1.813e-05
    iter 01600/4800 PSNR:22.014 SSIM:0.6944 c:1.510e-05
    iter 01700/4800 PSNR:22.007 SSIM:0.6943 c:1.312e-05
    iter 01800/4800 PSNR:22.001 SSIM:0.6942 c:1.187e-05
    iter 01900/4800 PSNR:21.995 SSIM:0.6941 c:1.116e-05
    iter 02000/4800 PSNR:21.991 SSIM:0.6940 c:1.073e-05
    iter 02100/4800 PSNR:21.986 SSIM:0.6939 c:1.015e-05
    iter 02200/4800 PSNR:21.982 SSIM:0.6939 c:9.555e-06
    iter 02300/4800 PSNR:21.979 SSIM:0.6938 c:9.085e-06
    iter 02400/4800 PSNR:21.975 SSIM:0.6938 c:8.652e-06
    iter 02500/4800 PSNR:21.973 SSIM:0.6938 c:7.178e-06
    iter 02600/4800 PSNR:21.971 SSIM:0.6937 c:6.061e-06
    iter 02700/4800 PSNR:21.969 SSIM:0.6937 c:5.441e-06
    iter 02800/4800 PSNR:21.967 SSIM:0.6937 c:5.124e-06
    iter 02900/4800 PSNR:21.965 SSIM:0.6936 c:4.695e-06
    iter 03000/4800 PSNR:21.963 SSIM:0.6936 c:4.216e-06
    iter 03100/4800 PSNR:21.962 SSIM:0.6936 c:3.848e-06
    iter 03200/4800 PSNR:21.961 SSIM:0.6936 c:3.471e-06
    iter 03300/4800 PSNR:21.960 SSIM:0.6936 c:3.147e-06
    iter 03400/4800 PSNR:21.960 SSIM:0.6936 c:2.848e-06
    iter 03500/4800 PSNR:21.959 SSIM:0.6936 c:2.513e-06
    iter 03600/4800 PSNR:21.959 SSIM:0.6936 c:2.202e-06
    iter 03700/4800 PSNR:21.958 SSIM:0.6935 c:1.938e-06
    iter 03800/4800 PSNR:21.958 SSIM:0.6935 c:1.760e-06
    iter 03900/4800 PSNR:21.957 SSIM:0.6935 c:1.638e-06
    iter 04000/4800 PSNR:21.957 SSIM:0.6935 c:1.551e-06
    iter 04100/4800 PSNR:21.957 SSIM:0.6935 c:1.515e-06
    iter 04200/4800 PSNR:21.956 SSIM:0.6935 c:1.468e-06
    iter 04300/4800 PSNR:21.956 SSIM:0.6935 c:1.414e-06
    iter 04400/4800 PSNR:21.956 SSIM:0.6935 c:1.365e-06
    iter 04500/4800 PSNR:21.955 SSIM:0.6935 c:1.302e-06
    iter 04600/4800 PSNR:21.955 SSIM:0.6935 c:1.271e-06
    iter 04700/4800 PSNR:21.955 SSIM:0.6935 c:1.255e-06
    iter 04800/4800 PSNR:21.955 SSIM:0.6935 c:1.277e-06
image 3/3 03.png: PSNR=21.9546, SSIM=0.6935, update=1.277e-06
AVERAGE Deblurring, eta=10: PSNR=22.8734, SSIM=0.7197

=== Deblurring | eta=50 | lambda=0.00125 | max_iter=1200 | r=1 ===
    iter 00001/1200 PSNR:17.943 SSIM:0.2198 c:9.428e-03
    iter 00100/1200 PSNR:23.504 SSIM:0.7310 c:4.109e-04
    iter 00200/1200 PSNR:24.017 SSIM:0.7457 c:1.863e-04
    iter 00300/1200 PSNR:24.189 SSIM:0.7498 c:1.126e-04
    iter 00400/1200 PSNR:24.257 SSIM:0.7518 c:7.716e-05
    iter 00500/1200 PSNR:24.290 SSIM:0.7529 c:5.900e-05
    iter 00600/1200 PSNR:24.310 SSIM:0.7535 c:4.601e-05
    iter 00700/1200 PSNR:24.323 SSIM:0.7540 c:3.566e-05
    iter 00800/1200 PSNR:24.334 SSIM:0.7544 c:2.846e-05
    iter 00900/1200 PSNR:24.343 SSIM:0.7547 c:2.399e-05
    iter 01000/1200 PSNR:24.350 SSIM:0.7549 c:2.090e-05
    iter 01100/1200 PSNR:24.357 SSIM:0.7551 c:1.871e-05
    iter 01200/1200 PSNR:24.362 SSIM:0.7553 c:1.691e-05
image 1/3 01.png: PSNR=24.3618, SSIM=0.7553, update=1.691e-05
    iter 00001/1200 PSNR:18.616 SSIM:0.1627 c:6.625e-03
    iter 00100/1200 PSNR:25.907 SSIM:0.7760 c:3.225e-04
    iter 00200/1200 PSNR:26.489 SSIM:0.7879 c:1.518e-04
    iter 00300/1200 PSNR:26.696 SSIM:0.7915 c:8.638e-05
    iter 00400/1200 PSNR:26.788 SSIM:0.7931 c:6.064e-05
    iter 00500/1200 PSNR:26.833 SSIM:0.7939 c:4.509e-05
    iter 00600/1200 PSNR:26.855 SSIM:0.7944 c:3.276e-05
    iter 00700/1200 PSNR:26.865 SSIM:0.7946 c:2.553e-05
    iter 00800/1200 PSNR:26.871 SSIM:0.7948 c:2.028e-05
    iter 00900/1200 PSNR:26.875 SSIM:0.7949 c:1.656e-05
    iter 01000/1200 PSNR:26.879 SSIM:0.7949 c:1.403e-05
    iter 01100/1200 PSNR:26.881 SSIM:0.7950 c:1.141e-05
    iter 01200/1200 PSNR:26.885 SSIM:0.7950 c:9.440e-06
image 2/3 02.png: PSNR=26.8848, SSIM=0.7950, update=9.440e-06
    iter 00001/1200 PSNR:18.102 SSIM:0.2382 c:7.417e-03
    iter 00100/1200 PSNR:23.376 SSIM:0.7498 c:3.704e-04
    iter 00200/1200 PSNR:23.801 SSIM:0.7580 c:1.777e-04
    iter 00300/1200 PSNR:23.993 SSIM:0.7599 c:1.157e-04
    iter 00400/1200 PSNR:24.095 SSIM:0.7603 c:8.036e-05
    iter 00500/1200 PSNR:24.153 SSIM:0.7604 c:5.871e-05
    iter 00600/1200 PSNR:24.189 SSIM:0.7604 c:4.496e-05
    iter 00700/1200 PSNR:24.213 SSIM:0.7604 c:3.566e-05
    iter 00800/1200 PSNR:24.232 SSIM:0.7604 c:2.840e-05
    iter 00900/1200 PSNR:24.247 SSIM:0.7605 c:2.382e-05
    iter 01000/1200 PSNR:24.258 SSIM:0.7605 c:1.985e-05
    iter 01100/1200 PSNR:24.268 SSIM:0.7605 c:1.624e-05
    iter 01200/1200 PSNR:24.274 SSIM:0.7604 c:1.349e-05
image 3/3 03.png: PSNR=24.2745, SSIM=0.7604, update=1.349e-05
AVERAGE Deblurring, eta=50: PSNR=25.1737, SSIM=0.7703

=== Deblurring | eta=100 | lambda=0.00125 | max_iter=1200 | r=1 ===
    iter 00001/1200 PSNR:19.454 SSIM:0.2966 c:1.075e-02
    iter 00100/1200 PSNR:24.504 SSIM:0.7538 c:3.778e-04
    iter 00200/1200 PSNR:25.027 SSIM:0.7651 c:1.629e-04
    iter 00300/1200 PSNR:25.199 SSIM:0.7691 c:1.003e-04
    iter 00400/1200 PSNR:25.274 SSIM:0.7710 c:7.440e-05
    iter 00500/1200 PSNR:25.308 SSIM:0.7720 c:5.602e-05
    iter 00600/1200 PSNR:25.325 SSIM:0.7725 c:4.060e-05
    iter 00700/1200 PSNR:25.330 SSIM:0.7728 c:2.910e-05
    iter 00800/1200 PSNR:25.330 SSIM:0.7729 c:2.171e-05
    iter 00900/1200 PSNR:25.330 SSIM:0.7730 c:1.670e-05
    iter 01000/1200 PSNR:25.329 SSIM:0.7731 c:1.321e-05
    iter 01100/1200 PSNR:25.328 SSIM:0.7732 c:1.093e-05
    iter 01200/1200 PSNR:25.327 SSIM:0.7733 c:9.508e-06
image 1/3 01.png: PSNR=25.3266, SSIM=0.7733, update=9.508e-06
    iter 00001/1200 PSNR:20.723 SSIM:0.2453 c:8.381e-03
    iter 00100/1200 PSNR:27.169 SSIM:0.7944 c:3.051e-04
    iter 00200/1200 PSNR:27.763 SSIM:0.8031 c:1.347e-04
    iter 00300/1200 PSNR:27.906 SSIM:0.8049 c:7.510e-05
    iter 00400/1200 PSNR:27.945 SSIM:0.8054 c:4.972e-05
    iter 00500/1200 PSNR:27.961 SSIM:0.8056 c:3.602e-05
    iter 00600/1200 PSNR:27.973 SSIM:0.8057 c:2.742e-05
    iter 00700/1200 PSNR:27.984 SSIM:0.8057 c:2.065e-05
    iter 00800/1200 PSNR:27.993 SSIM:0.8058 c:1.567e-05
    iter 00900/1200 PSNR:28.000 SSIM:0.8058 c:1.190e-05
    iter 01000/1200 PSNR:28.007 SSIM:0.8059 c:9.287e-06
    iter 01100/1200 PSNR:28.013 SSIM:0.8059 c:7.524e-06
    iter 01200/1200 PSNR:28.019 SSIM:0.8060 c:6.226e-06
image 2/3 02.png: PSNR=28.0190, SSIM=0.8060, update=6.226e-06
    iter 00001/1200 PSNR:19.716 SSIM:0.3329 c:9.209e-03
    iter 00100/1200 PSNR:24.600 SSIM:0.7785 c:3.776e-04
    iter 00200/1200 PSNR:25.316 SSIM:0.7860 c:1.844e-04
    iter 00300/1200 PSNR:25.634 SSIM:0.7878 c:1.162e-04
    iter 00400/1200 PSNR:25.787 SSIM:0.7882 c:7.829e-05
    iter 00500/1200 PSNR:25.865 SSIM:0.7882 c:5.084e-05
    iter 00600/1200 PSNR:25.904 SSIM:0.7882 c:3.531e-05
    iter 00700/1200 PSNR:25.926 SSIM:0.7881 c:2.599e-05
    iter 00800/1200 PSNR:25.941 SSIM:0.7881 c:1.975e-05
    iter 00900/1200 PSNR:25.951 SSIM:0.7881 c:1.521e-05
    iter 01000/1200 PSNR:25.957 SSIM:0.7880 c:1.127e-05
    iter 01100/1200 PSNR:25.959 SSIM:0.7879 c:8.500e-06
    iter 01200/1200 PSNR:25.960 SSIM:0.7879 c:6.536e-06
image 3/3 03.png: PSNR=25.9601, SSIM=0.7879, update=6.536e-06
AVERAGE Deblurring, eta=100: PSNR=26.4353, SSIM=0.7890

=== Deblurring | eta=200 | lambda=0.001 | max_iter=1200 | r=1 ===
    iter 00001/1200 PSNR:20.383 SSIM:0.3774 c:1.198e-02
    iter 00100/1200 PSNR:25.422 SSIM:0.7755 c:3.570e-04
    iter 00200/1200 PSNR:26.040 SSIM:0.7859 c:1.550e-04
    iter 00300/1200 PSNR:26.286 SSIM:0.7899 c:9.293e-05
    iter 00400/1200 PSNR:26.390 SSIM:0.7917 c:6.234e-05
    iter 00500/1200 PSNR:26.430 SSIM:0.7926 c:4.167e-05
    iter 00600/1200 PSNR:26.444 SSIM:0.7930 c:2.962e-05
    iter 00700/1200 PSNR:26.449 SSIM:0.7932 c:2.181e-05
    iter 00800/1200 PSNR:26.449 SSIM:0.7933 c:1.727e-05
    iter 00900/1200 PSNR:26.447 SSIM:0.7934 c:1.436e-05
    iter 01000/1200 PSNR:26.444 SSIM:0.7934 c:1.111e-05
    iter 01100/1200 PSNR:26.442 SSIM:0.7934 c:8.588e-06
    iter 01200/1200 PSNR:26.441 SSIM:0.7934 c:6.915e-06
image 1/3 01.png: PSNR=26.4409, SSIM=0.7934, update=6.915e-06
    iter 00001/1200 PSNR:22.299 SSIM:0.3596 c:1.014e-02
    iter 00100/1200 PSNR:28.264 SSIM:0.8146 c:2.848e-04
    iter 00200/1200 PSNR:29.008 SSIM:0.8215 c:1.114e-04
    iter 00300/1200 PSNR:29.261 SSIM:0.8236 c:5.900e-05
    iter 00400/1200 PSNR:29.378 SSIM:0.8244 c:3.523e-05
    iter 00500/1200 PSNR:29.443 SSIM:0.8249 c:2.299e-05
    iter 00600/1200 PSNR:29.486 SSIM:0.8251 c:1.555e-05
    iter 00700/1200 PSNR:29.515 SSIM:0.8253 c:1.120e-05
    iter 00800/1200 PSNR:29.536 SSIM:0.8254 c:8.594e-06
    iter 00900/1200 PSNR:29.553 SSIM:0.8254 c:7.169e-06
    iter 01000/1200 PSNR:29.567 SSIM:0.8255 c:6.053e-06
    iter 01100/1200 PSNR:29.578 SSIM:0.8255 c:5.152e-06
    iter 01200/1200 PSNR:29.587 SSIM:0.8255 c:4.365e-06
image 2/3 02.png: PSNR=29.5867, SSIM=0.8255, update=4.365e-06
    iter 00001/1200 PSNR:20.738 SSIM:0.4373 c:1.092e-02
    iter 00100/1200 PSNR:25.691 SSIM:0.7996 c:3.829e-04
    iter 00200/1200 PSNR:26.639 SSIM:0.8072 c:1.766e-04
    iter 00300/1200 PSNR:27.023 SSIM:0.8090 c:1.022e-04
    iter 00400/1200 PSNR:27.182 SSIM:0.8095 c:6.596e-05
    iter 00500/1200 PSNR:27.241 SSIM:0.8097 c:3.747e-05
    iter 00600/1200 PSNR:27.265 SSIM:0.8097 c:2.159e-05
    iter 00700/1200 PSNR:27.275 SSIM:0.8097 c:1.367e-05
    iter 00800/1200 PSNR:27.281 SSIM:0.8097 c:9.822e-06
    iter 00900/1200 PSNR:27.286 SSIM:0.8097 c:1.200e-05
    iter 01000/1200 PSNR:27.290 SSIM:0.8097 c:1.760e-05
    iter 01100/1200 PSNR:27.289 SSIM:0.8096 c:1.097e-05
    iter 01200/1200 PSNR:27.289 SSIM:0.8096 c:7.789e-06
image 3/3 03.png: PSNR=27.2888, SSIM=0.8096, update=7.789e-06
AVERAGE Deblurring, eta=200: PSNR=27.7721, SSIM=0.8095

=== Inpainting | eta=1 | lambda=0.00125 | max_iter=12000 | r=0.8 ===
    iter 00001/12000 PSNR:3.865 SSIM:0.0401 c:2.755e-02
    iter 00100/12000 PSNR:9.524 SSIM:0.1723 c:2.588e-03
    iter 00200/12000 PSNR:10.056 SSIM:0.1953 c:1.596e-03
    iter 00300/12000 PSNR:10.318 SSIM:0.2056 c:1.316e-03
    iter 00400/12000 PSNR:10.517 SSIM:0.2142 c:1.191e-03
    iter 00500/12000 PSNR:10.718 SSIM:0.2252 c:1.131e-03
    iter 00600/12000 PSNR:10.932 SSIM:0.2378 c:1.105e-03
    iter 00700/12000 PSNR:11.170 SSIM:0.2532 c:1.086e-03
    iter 00800/12000 PSNR:11.417 SSIM:0.2700 c:1.004e-03
    iter 00900/12000 PSNR:11.656 SSIM:0.2847 c:8.505e-04
    iter 01000/12000 PSNR:11.894 SSIM:0.2988 c:8.185e-04
    iter 01100/12000 PSNR:12.130 SSIM:0.3142 c:7.685e-04
    iter 01200/12000 PSNR:12.360 SSIM:0.3300 c:6.906e-04
    iter 01300/12000 PSNR:12.587 SSIM:0.3457 c:6.609e-04
    iter 01400/12000 PSNR:12.809 SSIM:0.3606 c:6.477e-04
    iter 01500/12000 PSNR:13.014 SSIM:0.3741 c:5.823e-04
    iter 01600/12000 PSNR:13.211 SSIM:0.3869 c:5.601e-04
    iter 01700/12000 PSNR:13.401 SSIM:0.3988 c:5.194e-04
    iter 01800/12000 PSNR:13.590 SSIM:0.4103 c:5.115e-04
    iter 01900/12000 PSNR:13.775 SSIM:0.4221 c:4.574e-04
    iter 02000/12000 PSNR:13.953 SSIM:0.4316 c:4.247e-04
    iter 02100/12000 PSNR:14.125 SSIM:0.4408 c:3.963e-04
    iter 02200/12000 PSNR:14.294 SSIM:0.4499 c:3.990e-04
    iter 02300/12000 PSNR:14.465 SSIM:0.4587 c:3.972e-04
    iter 02400/12000 PSNR:14.633 SSIM:0.4678 c:4.070e-04
    iter 02500/12000 PSNR:14.800 SSIM:0.4775 c:3.926e-04
    iter 02600/12000 PSNR:14.968 SSIM:0.4873 c:4.163e-04
    iter 02700/12000 PSNR:15.137 SSIM:0.4976 c:4.016e-04
    iter 02800/12000 PSNR:15.300 SSIM:0.5063 c:3.940e-04
    iter 02900/12000 PSNR:15.453 SSIM:0.5142 c:3.495e-04
    iter 03000/12000 PSNR:15.589 SSIM:0.5213 c:3.328e-04
    iter 03100/12000 PSNR:15.715 SSIM:0.5281 c:2.841e-04
    iter 03200/12000 PSNR:15.839 SSIM:0.5343 c:2.747e-04
    iter 03300/12000 PSNR:15.964 SSIM:0.5402 c:2.815e-04
    iter 03400/12000 PSNR:16.090 SSIM:0.5466 c:3.082e-04
    iter 03500/12000 PSNR:16.218 SSIM:0.5527 c:3.037e-04
    iter 03600/12000 PSNR:16.353 SSIM:0.5586 c:3.152e-04
    iter 03700/12000 PSNR:16.488 SSIM:0.5643 c:2.898e-04
    iter 03800/12000 PSNR:16.610 SSIM:0.5692 c:2.398e-04
    iter 03900/12000 PSNR:16.729 SSIM:0.5740 c:2.569e-04
    iter 04000/12000 PSNR:16.856 SSIM:0.5790 c:2.972e-04
    iter 04100/12000 PSNR:16.987 SSIM:0.5843 c:2.727e-04
    iter 04200/12000 PSNR:17.108 SSIM:0.5894 c:2.843e-04
    iter 04300/12000 PSNR:17.214 SSIM:0.5936 c:2.338e-04
    iter 04400/12000 PSNR:17.314 SSIM:0.5974 c:2.284e-04
    iter 04500/12000 PSNR:17.407 SSIM:0.6005 c:2.085e-04
    iter 04600/12000 PSNR:17.493 SSIM:0.6030 c:1.786e-04
    iter 04700/12000 PSNR:17.581 SSIM:0.6058 c:2.110e-04
    iter 04800/12000 PSNR:17.670 SSIM:0.6094 c:1.958e-04
    iter 04900/12000 PSNR:17.752 SSIM:0.6124 c:2.053e-04
    iter 05000/12000 PSNR:17.838 SSIM:0.6156 c:2.139e-04
    iter 05100/12000 PSNR:17.913 SSIM:0.6183 c:1.702e-04
    iter 05200/12000 PSNR:17.976 SSIM:0.6205 c:1.664e-04
    iter 05300/12000 PSNR:18.038 SSIM:0.6229 c:1.503e-04
    iter 05400/12000 PSNR:18.098 SSIM:0.6255 c:1.899e-04
    iter 05500/12000 PSNR:18.150 SSIM:0.6279 c:1.492e-04
    iter 05600/12000 PSNR:18.195 SSIM:0.6301 c:1.522e-04
    iter 05700/12000 PSNR:18.232 SSIM:0.6316 c:1.292e-04
    iter 05800/12000 PSNR:18.269 SSIM:0.6332 c:1.433e-04
    iter 05900/12000 PSNR:18.292 SSIM:0.6347 c:8.277e-05
    iter 06000/12000 PSNR:18.311 SSIM:0.6358 c:5.925e-05
    iter 06100/12000 PSNR:18.325 SSIM:0.6367 c:3.789e-05
    iter 06200/12000 PSNR:18.337 SSIM:0.6377 c:4.892e-05
    iter 06300/12000 PSNR:18.348 SSIM:0.6387 c:2.869e-05
    iter 06400/12000 PSNR:18.357 SSIM:0.6392 c:2.618e-05
    iter 06500/12000 PSNR:18.366 SSIM:0.6397 c:2.890e-05
    iter 06600/12000 PSNR:18.375 SSIM:0.6403 c:3.902e-05
    iter 06700/12000 PSNR:18.383 SSIM:0.6408 c:3.431e-05
    iter 06800/12000 PSNR:18.390 SSIM:0.6413 c:2.517e-05
    iter 06900/12000 PSNR:18.396 SSIM:0.6417 c:1.961e-05
    iter 07000/12000 PSNR:18.401 SSIM:0.6420 c:1.656e-05
    iter 07100/12000 PSNR:18.405 SSIM:0.6423 c:1.472e-05
    iter 07200/12000 PSNR:18.409 SSIM:0.6425 c:1.354e-05
    iter 07300/12000 PSNR:18.413 SSIM:0.6427 c:1.258e-05
    iter 07400/12000 PSNR:18.416 SSIM:0.6429 c:1.193e-05
    iter 07500/12000 PSNR:18.418 SSIM:0.6431 c:1.248e-05
    iter 07600/12000 PSNR:18.421 SSIM:0.6433 c:1.439e-05
    iter 07700/12000 PSNR:18.424 SSIM:0.6436 c:1.781e-05
    iter 07800/12000 PSNR:18.427 SSIM:0.6440 c:1.917e-05
    iter 07900/12000 PSNR:18.430 SSIM:0.6443 c:1.760e-05
    iter 08000/12000 PSNR:18.432 SSIM:0.6445 c:1.350e-05
    iter 08100/12000 PSNR:18.434 SSIM:0.6447 c:1.123e-05
    iter 08200/12000 PSNR:18.436 SSIM:0.6447 c:9.925e-06
    iter 08300/12000 PSNR:18.438 SSIM:0.6448 c:9.231e-06
    iter 08400/12000 PSNR:18.439 SSIM:0.6449 c:8.251e-06
    iter 08500/12000 PSNR:18.440 SSIM:0.6449 c:7.352e-06
    iter 08600/12000 PSNR:18.442 SSIM:0.6449 c:6.768e-06
    iter 08700/12000 PSNR:18.442 SSIM:0.6449 c:6.322e-06
    iter 08800/12000 PSNR:18.443 SSIM:0.6450 c:5.780e-06
    iter 08900/12000 PSNR:18.444 SSIM:0.6450 c:5.264e-06
    iter 09000/12000 PSNR:18.444 SSIM:0.6450 c:4.760e-06
    iter 09100/12000 PSNR:18.445 SSIM:0.6450 c:4.459e-06
    iter 09200/12000 PSNR:18.445 SSIM:0.6450 c:4.172e-06
    iter 09300/12000 PSNR:18.445 SSIM:0.6450 c:3.898e-06
    iter 09400/12000 PSNR:18.445 SSIM:0.6450 c:3.728e-06
    iter 09500/12000 PSNR:18.446 SSIM:0.6450 c:3.649e-06
    iter 09600/12000 PSNR:18.446 SSIM:0.6450 c:3.524e-06
    iter 09700/12000 PSNR:18.446 SSIM:0.6450 c:3.341e-06
    iter 09800/12000 PSNR:18.446 SSIM:0.6450 c:3.148e-06
    iter 09900/12000 PSNR:18.446 SSIM:0.6450 c:3.009e-06
    iter 10000/12000 PSNR:18.446 SSIM:0.6450 c:2.853e-06
    iter 10100/12000 PSNR:18.446 SSIM:0.6451 c:2.673e-06
    iter 10200/12000 PSNR:18.446 SSIM:0.6451 c:2.522e-06
    iter 10300/12000 PSNR:18.446 SSIM:0.6451 c:2.397e-06
    iter 10400/12000 PSNR:18.446 SSIM:0.6451 c:2.300e-06
    iter 10500/12000 PSNR:18.446 SSIM:0.6451 c:2.226e-06
    iter 10600/12000 PSNR:18.446 SSIM:0.6451 c:2.151e-06
    iter 10700/12000 PSNR:18.447 SSIM:0.6451 c:2.080e-06
    iter 10800/12000 PSNR:18.447 SSIM:0.6451 c:2.016e-06
    iter 10900/12000 PSNR:18.447 SSIM:0.6451 c:1.962e-06
    iter 11000/12000 PSNR:18.447 SSIM:0.6451 c:1.915e-06
    iter 11100/12000 PSNR:18.447 SSIM:0.6451 c:1.873e-06
    iter 11200/12000 PSNR:18.447 SSIM:0.6451 c:1.837e-06
    iter 11300/12000 PSNR:18.447 SSIM:0.6451 c:1.802e-06
    iter 11400/12000 PSNR:18.447 SSIM:0.6451 c:1.772e-06
    iter 11500/12000 PSNR:18.447 SSIM:0.6451 c:1.740e-06
    iter 11600/12000 PSNR:18.447 SSIM:0.6451 c:1.723e-06
    iter 11700/12000 PSNR:18.447 SSIM:0.6451 c:1.714e-06
    iter 11800/12000 PSNR:18.447 SSIM:0.6451 c:1.701e-06
    iter 11900/12000 PSNR:18.447 SSIM:0.6451 c:1.691e-06
    iter 12000/12000 PSNR:18.447 SSIM:0.6451 c:1.691e-06
image 1/3 01.png: PSNR=18.4470, SSIM=0.6451, update=1.691e-06
    iter 00001/12000 PSNR:3.201 SSIM:0.0119 c:2.772e-02
    iter 00100/12000 PSNR:8.802 SSIM:0.0443 c:2.618e-03
    iter 00200/12000 PSNR:9.399 SSIM:0.0768 c:1.708e-03
    iter 00300/12000 PSNR:9.729 SSIM:0.1125 c:1.403e-03
    iter 00400/12000 PSNR:9.999 SSIM:0.1458 c:1.296e-03
    iter 00500/12000 PSNR:10.266 SSIM:0.1788 c:1.199e-03
    iter 00600/12000 PSNR:10.539 SSIM:0.2086 c:1.124e-03
    iter 00700/12000 PSNR:10.824 SSIM:0.2412 c:1.070e-03
    iter 00800/12000 PSNR:11.108 SSIM:0.2760 c:9.627e-04
    iter 00900/12000 PSNR:11.387 SSIM:0.3054 c:8.740e-04
    iter 01000/12000 PSNR:11.663 SSIM:0.3321 c:8.597e-04
    iter 01100/12000 PSNR:11.925 SSIM:0.3569 c:7.542e-04
    iter 01200/12000 PSNR:12.169 SSIM:0.3792 c:6.736e-04
    iter 01300/12000 PSNR:12.394 SSIM:0.3988 c:5.949e-04
    iter 01400/12000 PSNR:12.610 SSIM:0.4154 c:5.605e-04
    iter 01500/12000 PSNR:12.819 SSIM:0.4300 c:5.483e-04
    iter 01600/12000 PSNR:13.021 SSIM:0.4427 c:5.188e-04
    iter 01700/12000 PSNR:13.225 SSIM:0.4544 c:5.017e-04
    iter 01800/12000 PSNR:13.421 SSIM:0.4649 c:4.775e-04
    iter 01900/12000 PSNR:13.613 SSIM:0.4748 c:4.495e-04
    iter 02000/12000 PSNR:13.804 SSIM:0.4842 c:4.206e-04
    iter 02100/12000 PSNR:13.988 SSIM:0.4937 c:4.115e-04
    iter 02200/12000 PSNR:14.164 SSIM:0.5032 c:4.062e-04
    iter 02300/12000 PSNR:14.334 SSIM:0.5122 c:3.487e-04
    iter 02400/12000 PSNR:14.498 SSIM:0.5200 c:3.604e-04
    iter 02500/12000 PSNR:14.669 SSIM:0.5278 c:3.718e-04
    iter 02600/12000 PSNR:14.838 SSIM:0.5369 c:3.563e-04
    iter 02700/12000 PSNR:15.002 SSIM:0.5477 c:3.345e-04
    iter 02800/12000 PSNR:15.161 SSIM:0.5577 c:3.009e-04
    iter 02900/12000 PSNR:15.324 SSIM:0.5658 c:3.110e-04
    iter 03000/12000 PSNR:15.492 SSIM:0.5739 c:3.434e-04
    iter 03100/12000 PSNR:15.660 SSIM:0.5824 c:3.498e-04
    iter 03200/12000 PSNR:15.825 SSIM:0.5901 c:3.208e-04
    iter 03300/12000 PSNR:15.996 SSIM:0.5984 c:3.289e-04
    iter 03400/12000 PSNR:16.164 SSIM:0.6066 c:2.882e-04
    iter 03500/12000 PSNR:16.329 SSIM:0.6136 c:3.034e-04
    iter 03600/12000 PSNR:16.487 SSIM:0.6199 c:2.594e-04
    iter 03700/12000 PSNR:16.647 SSIM:0.6254 c:2.715e-04
    iter 03800/12000 PSNR:16.816 SSIM:0.6310 c:2.716e-04
    iter 03900/12000 PSNR:16.994 SSIM:0.6369 c:2.964e-04
    iter 04000/12000 PSNR:17.160 SSIM:0.6424 c:2.736e-04
    iter 04100/12000 PSNR:17.306 SSIM:0.6479 c:1.941e-04
    iter 04200/12000 PSNR:17.445 SSIM:0.6515 c:1.953e-04
    iter 04300/12000 PSNR:17.582 SSIM:0.6550 c:2.112e-04
    iter 04400/12000 PSNR:17.713 SSIM:0.6579 c:1.845e-04
    iter 04500/12000 PSNR:17.834 SSIM:0.6608 c:1.723e-04
    iter 04600/12000 PSNR:17.955 SSIM:0.6647 c:2.128e-04
    iter 04700/12000 PSNR:18.075 SSIM:0.6683 c:1.826e-04
    iter 04800/12000 PSNR:18.198 SSIM:0.6724 c:1.920e-04
    iter 04900/12000 PSNR:18.316 SSIM:0.6762 c:1.844e-04
    iter 05000/12000 PSNR:18.413 SSIM:0.6800 c:1.622e-04
    iter 05100/12000 PSNR:18.495 SSIM:0.6832 c:1.656e-04
    iter 05200/12000 PSNR:18.573 SSIM:0.6861 c:1.941e-04
    iter 05300/12000 PSNR:18.645 SSIM:0.6884 c:1.463e-04
    iter 05400/12000 PSNR:18.720 SSIM:0.6906 c:1.547e-04
    iter 05500/12000 PSNR:18.800 SSIM:0.6930 c:1.378e-04
    iter 05600/12000 PSNR:18.883 SSIM:0.6952 c:2.049e-04
    iter 05700/12000 PSNR:18.954 SSIM:0.6981 c:1.977e-04
    iter 05800/12000 PSNR:18.997 SSIM:0.7000 c:1.101e-04
    iter 05900/12000 PSNR:19.023 SSIM:0.7012 c:5.269e-05
    iter 06000/12000 PSNR:19.045 SSIM:0.7020 c:4.232e-05
    iter 06100/12000 PSNR:19.064 SSIM:0.7026 c:3.301e-05
    iter 06200/12000 PSNR:19.081 SSIM:0.7030 c:2.948e-05
    iter 06300/12000 PSNR:19.097 SSIM:0.7034 c:2.976e-05
    iter 06400/12000 PSNR:19.112 SSIM:0.7037 c:3.289e-05
    iter 06500/12000 PSNR:19.126 SSIM:0.7040 c:3.871e-05
    iter 06600/12000 PSNR:19.140 SSIM:0.7042 c:4.188e-05
    iter 06700/12000 PSNR:19.152 SSIM:0.7045 c:6.141e-05
    iter 06800/12000 PSNR:19.161 SSIM:0.7048 c:2.851e-05
    iter 06900/12000 PSNR:19.168 SSIM:0.7050 c:1.935e-05
    iter 07000/12000 PSNR:19.173 SSIM:0.7051 c:1.845e-05
    iter 07100/12000 PSNR:19.179 SSIM:0.7053 c:1.821e-05
    iter 07200/12000 PSNR:19.184 SSIM:0.7054 c:1.643e-05
    iter 07300/12000 PSNR:19.189 SSIM:0.7056 c:1.525e-05
    iter 07400/12000 PSNR:19.195 SSIM:0.7057 c:1.448e-05
    iter 07500/12000 PSNR:19.200 SSIM:0.7059 c:1.388e-05
    iter 07600/12000 PSNR:19.205 SSIM:0.7060 c:1.330e-05
    iter 07700/12000 PSNR:19.211 SSIM:0.7061 c:1.307e-05
    iter 07800/12000 PSNR:19.216 SSIM:0.7061 c:1.277e-05
    iter 07900/12000 PSNR:19.221 SSIM:0.7062 c:1.255e-05
    iter 08000/12000 PSNR:19.225 SSIM:0.7063 c:1.167e-05
    iter 08100/12000 PSNR:19.230 SSIM:0.7063 c:1.102e-05
    iter 08200/12000 PSNR:19.234 SSIM:0.7064 c:1.084e-05
    iter 08300/12000 PSNR:19.238 SSIM:0.7064 c:1.189e-05
    iter 08400/12000 PSNR:19.242 SSIM:0.7065 c:1.306e-05
    iter 08500/12000 PSNR:19.245 SSIM:0.7065 c:1.385e-05
    iter 08600/12000 PSNR:19.248 SSIM:0.7066 c:1.215e-05
    iter 08700/12000 PSNR:19.251 SSIM:0.7067 c:9.948e-06
    iter 08800/12000 PSNR:19.254 SSIM:0.7068 c:8.442e-06
    iter 08900/12000 PSNR:19.255 SSIM:0.7068 c:7.592e-06
    iter 09000/12000 PSNR:19.257 SSIM:0.7068 c:6.358e-06
    iter 09100/12000 PSNR:19.258 SSIM:0.7069 c:5.841e-06
    iter 09200/12000 PSNR:19.259 SSIM:0.7069 c:5.362e-06
    iter 09300/12000 PSNR:19.260 SSIM:0.7069 c:5.011e-06
    iter 09400/12000 PSNR:19.261 SSIM:0.7069 c:5.071e-06
    iter 09500/12000 PSNR:19.262 SSIM:0.7069 c:5.177e-06
    iter 09600/12000 PSNR:19.264 SSIM:0.7069 c:5.150e-06
    iter 09700/12000 PSNR:19.265 SSIM:0.7069 c:4.397e-06
    iter 09800/12000 PSNR:19.266 SSIM:0.7069 c:4.143e-06
    iter 09900/12000 PSNR:19.267 SSIM:0.7069 c:3.960e-06
    iter 10000/12000 PSNR:19.268 SSIM:0.7069 c:3.868e-06
    iter 10100/12000 PSNR:19.269 SSIM:0.7069 c:4.143e-06
    iter 10200/12000 PSNR:19.270 SSIM:0.7069 c:4.527e-06
    iter 10300/12000 PSNR:19.271 SSIM:0.7069 c:4.800e-06
    iter 10400/12000 PSNR:19.272 SSIM:0.7069 c:5.606e-06
    iter 10500/12000 PSNR:19.273 SSIM:0.7069 c:5.773e-06
    iter 10600/12000 PSNR:19.275 SSIM:0.7069 c:5.215e-06
    iter 10700/12000 PSNR:19.276 SSIM:0.7069 c:5.009e-06
    iter 10800/12000 PSNR:19.277 SSIM:0.7069 c:5.199e-06
    iter 10900/12000 PSNR:19.278 SSIM:0.7069 c:5.792e-06
    iter 11000/12000 PSNR:19.280 SSIM:0.7069 c:6.570e-06
    iter 11100/12000 PSNR:19.281 SSIM:0.7069 c:7.598e-06
    iter 11200/12000 PSNR:19.283 SSIM:0.7069 c:8.222e-06
    iter 11300/12000 PSNR:19.285 SSIM:0.7069 c:1.009e-05
    iter 11400/12000 PSNR:19.287 SSIM:0.7069 c:1.500e-05
    iter 11500/12000 PSNR:19.289 SSIM:0.7069 c:2.745e-05
    iter 11600/12000 PSNR:19.291 SSIM:0.7069 c:2.997e-05
    iter 11700/12000 PSNR:19.294 SSIM:0.7073 c:1.772e-05
    iter 11800/12000 PSNR:19.295 SSIM:0.7075 c:9.722e-06
    iter 11900/12000 PSNR:19.296 SSIM:0.7076 c:6.155e-06
    iter 12000/12000 PSNR:19.297 SSIM:0.7076 c:4.607e-06
image 2/3 02.png: PSNR=19.2973, SSIM=0.7076, update=4.607e-06
    iter 00001/12000 PSNR:3.699 SSIM:0.0273 c:2.734e-02
    iter 00100/12000 PSNR:9.530 SSIM:0.0932 c:2.783e-03
    iter 00200/12000 PSNR:10.191 SSIM:0.1351 c:1.869e-03
    iter 00300/12000 PSNR:10.565 SSIM:0.1773 c:1.530e-03
    iter 00400/12000 PSNR:10.870 SSIM:0.2140 c:1.346e-03
    iter 00500/12000 PSNR:11.164 SSIM:0.2485 c:1.227e-03
    iter 00600/12000 PSNR:11.472 SSIM:0.2831 c:1.117e-03
    iter 00700/12000 PSNR:11.796 SSIM:0.3159 c:1.086e-03
    iter 00800/12000 PSNR:12.123 SSIM:0.3465 c:9.791e-04
    iter 00900/12000 PSNR:12.441 SSIM:0.3740 c:8.606e-04
    iter 01000/12000 PSNR:12.751 SSIM:0.3958 c:8.038e-04
    iter 01100/12000 PSNR:13.055 SSIM:0.4127 c:7.177e-04
    iter 01200/12000 PSNR:13.355 SSIM:0.4296 c:6.947e-04
    iter 01300/12000 PSNR:13.653 SSIM:0.4466 c:6.595e-04
    iter 01400/12000 PSNR:13.942 SSIM:0.4616 c:6.129e-04
    iter 01500/12000 PSNR:14.223 SSIM:0.4767 c:5.496e-04
    iter 01600/12000 PSNR:14.498 SSIM:0.4886 c:5.152e-04
    iter 01700/12000 PSNR:14.777 SSIM:0.4988 c:5.465e-04
    iter 01800/12000 PSNR:15.050 SSIM:0.5088 c:4.835e-04
    iter 01900/12000 PSNR:15.300 SSIM:0.5172 c:4.454e-04
    iter 02000/12000 PSNR:15.535 SSIM:0.5251 c:3.808e-04
    iter 02100/12000 PSNR:15.757 SSIM:0.5327 c:3.598e-04
    iter 02200/12000 PSNR:15.973 SSIM:0.5401 c:3.706e-04
    iter 02300/12000 PSNR:16.184 SSIM:0.5476 c:3.928e-04
    iter 02400/12000 PSNR:16.381 SSIM:0.5544 c:3.573e-04
    iter 02500/12000 PSNR:16.555 SSIM:0.5602 c:3.007e-04
    iter 02600/12000 PSNR:16.706 SSIM:0.5649 c:2.540e-04
    iter 02700/12000 PSNR:16.839 SSIM:0.5695 c:2.178e-04
    iter 02800/12000 PSNR:16.971 SSIM:0.5745 c:2.572e-04
    iter 02900/12000 PSNR:17.101 SSIM:0.5792 c:2.694e-04
    iter 03000/12000 PSNR:17.216 SSIM:0.5831 c:2.070e-04
    iter 03100/12000 PSNR:17.330 SSIM:0.5865 c:2.118e-04
    iter 03200/12000 PSNR:17.440 SSIM:0.5905 c:2.333e-04
    iter 03300/12000 PSNR:17.539 SSIM:0.5951 c:2.416e-04
    iter 03400/12000 PSNR:17.617 SSIM:0.5978 c:1.932e-04
    iter 03500/12000 PSNR:17.676 SSIM:0.5995 c:1.285e-04
    iter 03600/12000 PSNR:17.728 SSIM:0.6003 c:1.338e-04
    iter 03700/12000 PSNR:17.781 SSIM:0.6014 c:1.464e-04
    iter 03800/12000 PSNR:17.832 SSIM:0.6030 c:1.578e-04
    iter 03900/12000 PSNR:17.871 SSIM:0.6047 c:8.326e-05
    iter 04000/12000 PSNR:17.901 SSIM:0.6062 c:6.901e-05
    iter 04100/12000 PSNR:17.927 SSIM:0.6073 c:5.872e-05
    iter 04200/12000 PSNR:17.950 SSIM:0.6084 c:5.429e-05
    iter 04300/12000 PSNR:17.969 SSIM:0.6094 c:5.301e-05
    iter 04400/12000 PSNR:17.986 SSIM:0.6104 c:5.077e-05
    iter 04500/12000 PSNR:18.002 SSIM:0.6114 c:4.680e-05
    iter 04600/12000 PSNR:18.015 SSIM:0.6124 c:4.269e-05
    iter 04700/12000 PSNR:18.028 SSIM:0.6132 c:3.808e-05
    iter 04800/12000 PSNR:18.039 SSIM:0.6137 c:3.536e-05
    iter 04900/12000 PSNR:18.049 SSIM:0.6144 c:3.681e-05
    iter 05000/12000 PSNR:18.058 SSIM:0.6149 c:2.947e-05
    iter 05100/12000 PSNR:18.066 SSIM:0.6152 c:2.622e-05
    iter 05200/12000 PSNR:18.074 SSIM:0.6154 c:2.350e-05
    iter 05300/12000 PSNR:18.081 SSIM:0.6154 c:2.238e-05
    iter 05400/12000 PSNR:18.088 SSIM:0.6155 c:2.112e-05
    iter 05500/12000 PSNR:18.095 SSIM:0.6156 c:2.065e-05
    iter 05600/12000 PSNR:18.101 SSIM:0.6157 c:2.235e-05
    iter 05700/12000 PSNR:18.107 SSIM:0.6158 c:2.626e-05
    iter 05800/12000 PSNR:18.113 SSIM:0.6159 c:2.634e-05
    iter 05900/12000 PSNR:18.117 SSIM:0.6160 c:2.573e-05
    iter 06000/12000 PSNR:18.121 SSIM:0.6160 c:2.327e-05
    iter 06100/12000 PSNR:18.124 SSIM:0.6160 c:1.766e-05
    iter 06200/12000 PSNR:18.127 SSIM:0.6159 c:1.599e-05
    iter 06300/12000 PSNR:18.129 SSIM:0.6159 c:1.515e-05
    iter 06400/12000 PSNR:18.131 SSIM:0.6159 c:1.449e-05
    iter 06500/12000 PSNR:18.133 SSIM:0.6159 c:1.448e-05
    iter 06600/12000 PSNR:18.134 SSIM:0.6159 c:1.491e-05
    iter 06700/12000 PSNR:18.135 SSIM:0.6158 c:1.626e-05
    iter 06800/12000 PSNR:18.136 SSIM:0.6157 c:1.815e-05
    iter 06900/12000 PSNR:18.137 SSIM:0.6155 c:1.969e-05
    iter 07000/12000 PSNR:18.138 SSIM:0.6154 c:1.947e-05
    iter 07100/12000 PSNR:18.138 SSIM:0.6153 c:2.044e-05
    iter 07200/12000 PSNR:18.138 SSIM:0.6152 c:2.087e-05
    iter 07300/12000 PSNR:18.138 SSIM:0.6151 c:2.153e-05
    iter 07400/12000 PSNR:18.137 SSIM:0.6151 c:2.183e-05
    iter 07500/12000 PSNR:18.136 SSIM:0.6150 c:2.171e-05
    iter 07600/12000 PSNR:18.135 SSIM:0.6149 c:2.213e-05
    iter 07700/12000 PSNR:18.133 SSIM:0.6149 c:2.217e-05
    iter 07800/12000 PSNR:18.132 SSIM:0.6149 c:2.176e-05
    iter 07900/12000 PSNR:18.131 SSIM:0.6149 c:2.112e-05
    iter 08000/12000 PSNR:18.130 SSIM:0.6149 c:2.006e-05
    iter 08100/12000 PSNR:18.129 SSIM:0.6149 c:1.891e-05
    iter 08200/12000 PSNR:18.128 SSIM:0.6149 c:1.794e-05
    iter 08300/12000 PSNR:18.127 SSIM:0.6149 c:1.787e-05
    iter 08400/12000 PSNR:18.126 SSIM:0.6149 c:1.607e-05
    iter 08500/12000 PSNR:18.125 SSIM:0.6149 c:1.641e-05
    iter 08600/12000 PSNR:18.124 SSIM:0.6149 c:1.448e-05
    iter 08700/12000 PSNR:18.123 SSIM:0.6149 c:1.373e-05
    iter 08800/12000 PSNR:18.122 SSIM:0.6148 c:1.427e-05
    iter 08900/12000 PSNR:18.121 SSIM:0.6148 c:1.280e-05
    iter 09000/12000 PSNR:18.121 SSIM:0.6149 c:1.439e-05
    iter 09100/12000 PSNR:18.120 SSIM:0.6149 c:1.193e-05
    iter 09200/12000 PSNR:18.120 SSIM:0.6149 c:1.171e-05
    iter 09300/12000 PSNR:18.120 SSIM:0.6149 c:1.032e-05
    iter 09400/12000 PSNR:18.119 SSIM:0.6149 c:8.950e-06
    iter 09500/12000 PSNR:18.119 SSIM:0.6149 c:7.606e-06
    iter 09600/12000 PSNR:18.119 SSIM:0.6149 c:6.455e-06
    iter 09700/12000 PSNR:18.118 SSIM:0.6149 c:5.621e-06
    iter 09800/12000 PSNR:18.118 SSIM:0.6149 c:4.954e-06
    iter 09900/12000 PSNR:18.118 SSIM:0.6149 c:4.439e-06
    iter 10000/12000 PSNR:18.117 SSIM:0.6149 c:3.975e-06
    iter 10100/12000 PSNR:18.117 SSIM:0.6148 c:3.603e-06
    iter 10200/12000 PSNR:18.117 SSIM:0.6148 c:3.329e-06
    iter 10300/12000 PSNR:18.116 SSIM:0.6148 c:3.160e-06
    iter 10400/12000 PSNR:18.116 SSIM:0.6148 c:3.025e-06
    iter 10500/12000 PSNR:18.116 SSIM:0.6148 c:2.852e-06
    iter 10600/12000 PSNR:18.116 SSIM:0.6148 c:2.648e-06
    iter 10700/12000 PSNR:18.116 SSIM:0.6148 c:2.492e-06
    iter 10800/12000 PSNR:18.116 SSIM:0.6148 c:2.354e-06
    iter 10900/12000 PSNR:18.115 SSIM:0.6148 c:2.172e-06
    iter 11000/12000 PSNR:18.115 SSIM:0.6148 c:2.012e-06
    iter 11100/12000 PSNR:18.115 SSIM:0.6148 c:1.876e-06
    iter 11200/12000 PSNR:18.115 SSIM:0.6148 c:1.781e-06
    iter 11300/12000 PSNR:18.115 SSIM:0.6148 c:1.711e-06
    iter 11400/12000 PSNR:18.115 SSIM:0.6148 c:1.641e-06
    iter 11500/12000 PSNR:18.115 SSIM:0.6148 c:1.576e-06
    iter 11600/12000 PSNR:18.115 SSIM:0.6148 c:1.542e-06
    iter 11700/12000 PSNR:18.115 SSIM:0.6148 c:1.508e-06
    iter 11800/12000 PSNR:18.115 SSIM:0.6148 c:1.480e-06
    iter 11900/12000 PSNR:18.115 SSIM:0.6148 c:1.460e-06
    iter 12000/12000 PSNR:18.115 SSIM:0.6148 c:1.428e-06
image 3/3 03.png: PSNR=18.1145, SSIM=0.6148, update=1.428e-06
AVERAGE Inpainting, eta=1: PSNR=18.6196, SSIM=0.6558

=== Inpainting | eta=2 | lambda=0.00125 | max_iter=12000 | r=0.8 ===
    iter 00001/12000 PSNR:6.330 SSIM:0.0610 c:2.157e-02
    iter 00100/12000 PSNR:10.650 SSIM:0.2052 c:2.059e-03
    iter 00200/12000 PSNR:11.173 SSIM:0.2235 c:1.260e-03
    iter 00300/12000 PSNR:11.458 SSIM:0.2345 c:1.026e-03
    iter 00400/12000 PSNR:11.676 SSIM:0.2459 c:8.979e-04
    iter 00500/12000 PSNR:11.864 SSIM:0.2559 c:8.131e-04
    iter 00600/12000 PSNR:12.034 SSIM:0.2660 c:7.418e-04
    iter 00700/12000 PSNR:12.192 SSIM:0.2768 c:6.859e-04
    iter 00800/12000 PSNR:12.341 SSIM:0.2869 c:6.274e-04
    iter 00900/12000 PSNR:12.492 SSIM:0.2966 c:6.128e-04
    iter 01000/12000 PSNR:12.642 SSIM:0.3058 c:6.017e-04
    iter 01100/12000 PSNR:12.791 SSIM:0.3149 c:5.642e-04
    iter 01200/12000 PSNR:12.948 SSIM:0.3248 c:5.556e-04
    iter 01300/12000 PSNR:13.117 SSIM:0.3349 c:5.426e-04
    iter 01400/12000 PSNR:13.294 SSIM:0.3459 c:5.293e-04
    iter 01500/12000 PSNR:13.468 SSIM:0.3566 c:4.936e-04
    iter 01600/12000 PSNR:13.642 SSIM:0.3668 c:4.966e-04
    iter 01700/12000 PSNR:13.825 SSIM:0.3767 c:4.795e-04
    iter 01800/12000 PSNR:14.020 SSIM:0.3879 c:4.843e-04
    iter 01900/12000 PSNR:14.213 SSIM:0.3976 c:4.563e-04
    iter 02000/12000 PSNR:14.409 SSIM:0.4081 c:4.599e-04
    iter 02100/12000 PSNR:14.598 SSIM:0.4187 c:4.159e-04
    iter 02200/12000 PSNR:14.788 SSIM:0.4292 c:3.974e-04
    iter 02300/12000 PSNR:14.989 SSIM:0.4397 c:4.353e-04
    iter 02400/12000 PSNR:15.206 SSIM:0.4514 c:4.345e-04
    iter 02500/12000 PSNR:15.427 SSIM:0.4649 c:4.570e-04
    iter 02600/12000 PSNR:15.648 SSIM:0.4775 c:4.135e-04
    iter 02700/12000 PSNR:15.874 SSIM:0.4888 c:4.137e-04
    iter 02800/12000 PSNR:16.111 SSIM:0.5009 c:4.168e-04
    iter 02900/12000 PSNR:16.355 SSIM:0.5133 c:4.289e-04
    iter 03000/12000 PSNR:16.591 SSIM:0.5247 c:3.706e-04
    iter 03100/12000 PSNR:16.813 SSIM:0.5357 c:3.699e-04
    iter 03200/12000 PSNR:17.024 SSIM:0.5468 c:3.273e-04
    iter 03300/12000 PSNR:17.226 SSIM:0.5579 c:3.296e-04
    iter 03400/12000 PSNR:17.436 SSIM:0.5682 c:3.298e-04
    iter 03500/12000 PSNR:17.662 SSIM:0.5762 c:3.019e-04
    iter 03600/12000 PSNR:17.892 SSIM:0.5841 c:3.288e-04
    iter 03700/12000 PSNR:18.119 SSIM:0.5924 c:2.989e-04
    iter 03800/12000 PSNR:18.340 SSIM:0.6000 c:2.921e-04
    iter 03900/12000 PSNR:18.552 SSIM:0.6089 c:2.975e-04
    iter 04000/12000 PSNR:18.744 SSIM:0.6166 c:2.548e-04
    iter 04100/12000 PSNR:18.938 SSIM:0.6235 c:2.585e-04
    iter 04200/12000 PSNR:19.142 SSIM:0.6316 c:2.899e-04
    iter 04300/12000 PSNR:19.335 SSIM:0.6385 c:2.308e-04
    iter 04400/12000 PSNR:19.509 SSIM:0.6445 c:2.383e-04
    iter 04500/12000 PSNR:19.668 SSIM:0.6503 c:2.189e-04
    iter 04600/12000 PSNR:19.813 SSIM:0.6541 c:1.756e-04
    iter 04700/12000 PSNR:19.962 SSIM:0.6578 c:2.138e-04
    iter 04800/12000 PSNR:20.124 SSIM:0.6614 c:2.288e-04
    iter 04900/12000 PSNR:20.272 SSIM:0.6661 c:2.414e-04
    iter 05000/12000 PSNR:20.376 SSIM:0.6708 c:1.702e-04
    iter 05100/12000 PSNR:20.441 SSIM:0.6736 c:9.191e-05
    iter 05200/12000 PSNR:20.491 SSIM:0.6762 c:8.292e-05
    iter 05300/12000 PSNR:20.529 SSIM:0.6787 c:6.269e-05
    iter 05400/12000 PSNR:20.558 SSIM:0.6804 c:4.339e-05
    iter 05500/12000 PSNR:20.582 SSIM:0.6816 c:3.887e-05
    iter 05600/12000 PSNR:20.602 SSIM:0.6826 c:3.783e-05
    iter 05700/12000 PSNR:20.621 SSIM:0.6837 c:3.595e-05
    iter 05800/12000 PSNR:20.637 SSIM:0.6844 c:2.766e-05
    iter 05900/12000 PSNR:20.652 SSIM:0.6850 c:2.910e-05
    iter 06000/12000 PSNR:20.666 SSIM:0.6855 c:3.099e-05
    iter 06100/12000 PSNR:20.679 SSIM:0.6860 c:2.761e-05
    iter 06200/12000 PSNR:20.691 SSIM:0.6863 c:3.066e-05
    iter 06300/12000 PSNR:20.702 SSIM:0.6865 c:3.808e-05
    iter 06400/12000 PSNR:20.711 SSIM:0.6869 c:2.463e-05
    iter 06500/12000 PSNR:20.718 SSIM:0.6870 c:2.454e-05
    iter 06600/12000 PSNR:20.723 SSIM:0.6870 c:2.725e-05
    iter 06700/12000 PSNR:20.729 SSIM:0.6871 c:2.104e-05
    iter 06800/12000 PSNR:20.735 SSIM:0.6872 c:1.784e-05
    iter 06900/12000 PSNR:20.741 SSIM:0.6873 c:1.851e-05
    iter 07000/12000 PSNR:20.747 SSIM:0.6875 c:2.395e-05
    iter 07100/12000 PSNR:20.753 SSIM:0.6879 c:2.697e-05
    iter 07200/12000 PSNR:20.757 SSIM:0.6881 c:1.381e-05
    iter 07300/12000 PSNR:20.759 SSIM:0.6881 c:1.058e-05
    iter 07400/12000 PSNR:20.762 SSIM:0.6882 c:9.205e-06
    iter 07500/12000 PSNR:20.763 SSIM:0.6882 c:8.943e-06
    iter 07600/12000 PSNR:20.765 SSIM:0.6882 c:8.800e-06
    iter 07700/12000 PSNR:20.766 SSIM:0.6882 c:9.228e-06
    iter 07800/12000 PSNR:20.767 SSIM:0.6881 c:9.988e-06
    iter 07900/12000 PSNR:20.767 SSIM:0.6881 c:1.164e-05
    iter 08000/12000 PSNR:20.768 SSIM:0.6881 c:1.461e-05
    iter 08100/12000 PSNR:20.769 SSIM:0.6882 c:2.369e-05
    iter 08200/12000 PSNR:20.770 SSIM:0.6886 c:2.298e-05
    iter 08300/12000 PSNR:20.770 SSIM:0.6888 c:8.648e-06
    iter 08400/12000 PSNR:20.770 SSIM:0.6888 c:6.692e-06
    iter 08500/12000 PSNR:20.770 SSIM:0.6888 c:7.048e-06
    iter 08600/12000 PSNR:20.769 SSIM:0.6888 c:8.540e-06
    iter 08700/12000 PSNR:20.768 SSIM:0.6888 c:9.035e-06
    iter 08800/12000 PSNR:20.767 SSIM:0.6888 c:8.839e-06
    iter 08900/12000 PSNR:20.766 SSIM:0.6887 c:7.868e-06
    iter 09000/12000 PSNR:20.765 SSIM:0.6887 c:6.290e-06
    iter 09100/12000 PSNR:20.765 SSIM:0.6887 c:6.243e-06
    iter 09200/12000 PSNR:20.765 SSIM:0.6887 c:6.793e-06
    iter 09300/12000 PSNR:20.764 SSIM:0.6886 c:6.248e-06
    iter 09400/12000 PSNR:20.763 SSIM:0.6886 c:4.882e-06
    iter 09500/12000 PSNR:20.762 SSIM:0.6886 c:3.826e-06
    iter 09600/12000 PSNR:20.762 SSIM:0.6886 c:3.213e-06
    iter 09700/12000 PSNR:20.761 SSIM:0.6886 c:2.701e-06
    iter 09800/12000 PSNR:20.761 SSIM:0.6886 c:2.341e-06
    iter 09900/12000 PSNR:20.760 SSIM:0.6886 c:2.079e-06
    iter 10000/12000 PSNR:20.760 SSIM:0.6886 c:1.879e-06
    iter 10100/12000 PSNR:20.760 SSIM:0.6886 c:1.733e-06
    iter 10200/12000 PSNR:20.759 SSIM:0.6886 c:1.585e-06
    iter 10300/12000 PSNR:20.759 SSIM:0.6886 c:1.459e-06
    iter 10400/12000 PSNR:20.759 SSIM:0.6886 c:1.362e-06
    iter 10500/12000 PSNR:20.759 SSIM:0.6886 c:1.286e-06
    iter 10600/12000 PSNR:20.759 SSIM:0.6886 c:1.232e-06
    iter 10700/12000 PSNR:20.759 SSIM:0.6886 c:1.190e-06
    iter 10800/12000 PSNR:20.759 SSIM:0.6886 c:1.171e-06
    iter 10900/12000 PSNR:20.759 SSIM:0.6886 c:1.158e-06
    iter 11000/12000 PSNR:20.759 SSIM:0.6886 c:1.158e-06
    iter 11100/12000 PSNR:20.759 SSIM:0.6886 c:1.178e-06
    iter 11200/12000 PSNR:20.759 SSIM:0.6886 c:1.198e-06
    iter 11300/12000 PSNR:20.759 SSIM:0.6886 c:1.219e-06
    iter 11400/12000 PSNR:20.759 SSIM:0.6886 c:1.257e-06
    iter 11500/12000 PSNR:20.759 SSIM:0.6886 c:1.312e-06
    iter 11600/12000 PSNR:20.759 SSIM:0.6886 c:1.402e-06
    iter 11700/12000 PSNR:20.759 SSIM:0.6886 c:1.522e-06
    iter 11800/12000 PSNR:20.759 SSIM:0.6886 c:1.636e-06
    iter 11900/12000 PSNR:20.759 SSIM:0.6886 c:1.788e-06
    iter 12000/12000 PSNR:20.759 SSIM:0.6886 c:1.986e-06
image 1/3 01.png: PSNR=20.7590, SSIM=0.6886, update=1.986e-06
    iter 00001/12000 PSNR:5.666 SSIM:0.0184 c:2.125e-02
    iter 00100/12000 PSNR:9.977 SSIM:0.0501 c:2.101e-03
    iter 00200/12000 PSNR:10.574 SSIM:0.0780 c:1.340e-03
    iter 00300/12000 PSNR:10.909 SSIM:0.1087 c:1.047e-03
    iter 00400/12000 PSNR:11.153 SSIM:0.1358 c:9.056e-04
    iter 00500/12000 PSNR:11.363 SSIM:0.1603 c:8.316e-04
    iter 00600/12000 PSNR:11.571 SSIM:0.1837 c:7.859e-04
    iter 00700/12000 PSNR:11.777 SSIM:0.2062 c:7.382e-04
    iter 00800/12000 PSNR:11.990 SSIM:0.2280 c:7.082e-04
    iter 00900/12000 PSNR:12.204 SSIM:0.2506 c:6.543e-04
    iter 01000/12000 PSNR:12.415 SSIM:0.2728 c:6.023e-04
    iter 01100/12000 PSNR:12.627 SSIM:0.2926 c:5.789e-04
    iter 01200/12000 PSNR:12.848 SSIM:0.3119 c:5.651e-04
    iter 01300/12000 PSNR:13.085 SSIM:0.3315 c:5.681e-04
    iter 01400/12000 PSNR:13.328 SSIM:0.3517 c:5.462e-04
    iter 01500/12000 PSNR:13.580 SSIM:0.3720 c:5.334e-04
    iter 01600/12000 PSNR:13.845 SSIM:0.3923 c:5.470e-04
    iter 01700/12000 PSNR:14.119 SSIM:0.4126 c:5.165e-04
    iter 01800/12000 PSNR:14.391 SSIM:0.4324 c:4.766e-04
    iter 01900/12000 PSNR:14.668 SSIM:0.4509 c:4.651e-04
    iter 02000/12000 PSNR:14.951 SSIM:0.4685 c:4.729e-04
    iter 02100/12000 PSNR:15.242 SSIM:0.4854 c:4.695e-04
    iter 02200/12000 PSNR:15.536 SSIM:0.5027 c:4.558e-04
    iter 02300/12000 PSNR:15.830 SSIM:0.5200 c:4.282e-04
    iter 02400/12000 PSNR:16.097 SSIM:0.5345 c:3.862e-04
    iter 02500/12000 PSNR:16.343 SSIM:0.5469 c:3.388e-04
    iter 02600/12000 PSNR:16.592 SSIM:0.5602 c:3.679e-04
    iter 02700/12000 PSNR:16.852 SSIM:0.5741 c:3.591e-04
    iter 02800/12000 PSNR:17.101 SSIM:0.5865 c:3.256e-04
    iter 02900/12000 PSNR:17.352 SSIM:0.5974 c:3.486e-04
    iter 03000/12000 PSNR:17.611 SSIM:0.6083 c:3.306e-04
    iter 03100/12000 PSNR:17.864 SSIM:0.6187 c:2.964e-04
    iter 03200/12000 PSNR:18.120 SSIM:0.6275 c:2.871e-04
    iter 03300/12000 PSNR:18.399 SSIM:0.6368 c:3.002e-04
    iter 03400/12000 PSNR:18.691 SSIM:0.6456 c:2.965e-04
    iter 03500/12000 PSNR:18.988 SSIM:0.6549 c:2.752e-04
    iter 03600/12000 PSNR:19.287 SSIM:0.6644 c:3.118e-04
    iter 03700/12000 PSNR:19.579 SSIM:0.6729 c:2.735e-04
    iter 03800/12000 PSNR:19.858 SSIM:0.6794 c:2.628e-04
    iter 03900/12000 PSNR:20.133 SSIM:0.6869 c:2.396e-04
    iter 04000/12000 PSNR:20.417 SSIM:0.6938 c:2.559e-04
    iter 04100/12000 PSNR:20.707 SSIM:0.7006 c:2.517e-04
    iter 04200/12000 PSNR:20.966 SSIM:0.7063 c:2.042e-04
    iter 04300/12000 PSNR:21.200 SSIM:0.7105 c:2.241e-04
    iter 04400/12000 PSNR:21.391 SSIM:0.7147 c:1.829e-04
    iter 04500/12000 PSNR:21.529 SSIM:0.7187 c:1.458e-04
    iter 04600/12000 PSNR:21.639 SSIM:0.7227 c:1.100e-04
    iter 04700/12000 PSNR:21.714 SSIM:0.7252 c:8.392e-05
    iter 04800/12000 PSNR:21.767 SSIM:0.7270 c:6.822e-05
    iter 04900/12000 PSNR:21.805 SSIM:0.7285 c:5.025e-05
    iter 05000/12000 PSNR:21.835 SSIM:0.7294 c:4.570e-05
    iter 05100/12000 PSNR:21.860 SSIM:0.7301 c:5.200e-05
    iter 05200/12000 PSNR:21.883 SSIM:0.7314 c:4.651e-05
    iter 05300/12000 PSNR:21.902 SSIM:0.7325 c:3.628e-05
    iter 05400/12000 PSNR:21.917 SSIM:0.7330 c:5.057e-05
    iter 05500/12000 PSNR:21.927 SSIM:0.7336 c:2.064e-05
    iter 05600/12000 PSNR:21.935 SSIM:0.7338 c:1.576e-05
    iter 05700/12000 PSNR:21.942 SSIM:0.7340 c:1.436e-05
    iter 05800/12000 PSNR:21.950 SSIM:0.7341 c:1.512e-05
    iter 05900/12000 PSNR:21.958 SSIM:0.7343 c:1.755e-05
    iter 06000/12000 PSNR:21.967 SSIM:0.7347 c:2.028e-05
    iter 06100/12000 PSNR:21.976 SSIM:0.7350 c:1.623e-05
    iter 06200/12000 PSNR:21.984 SSIM:0.7353 c:1.479e-05
    iter 06300/12000 PSNR:21.992 SSIM:0.7355 c:1.595e-05
    iter 06400/12000 PSNR:22.000 SSIM:0.7357 c:2.377e-05
    iter 06500/12000 PSNR:22.010 SSIM:0.7358 c:5.483e-05
    iter 06600/12000 PSNR:22.016 SSIM:0.7362 c:1.286e-05
    iter 06700/12000 PSNR:22.018 SSIM:0.7363 c:7.065e-06
    iter 06800/12000 PSNR:22.020 SSIM:0.7363 c:5.437e-06
    iter 06900/12000 PSNR:22.021 SSIM:0.7363 c:4.568e-06
    iter 07000/12000 PSNR:22.023 SSIM:0.7363 c:4.083e-06
    iter 07100/12000 PSNR:22.024 SSIM:0.7363 c:3.849e-06
    iter 07200/12000 PSNR:22.026 SSIM:0.7363 c:3.808e-06
    iter 07300/12000 PSNR:22.028 SSIM:0.7363 c:3.917e-06
    iter 07400/12000 PSNR:22.029 SSIM:0.7363 c:3.890e-06
    iter 07500/12000 PSNR:22.031 SSIM:0.7363 c:3.803e-06
    iter 07600/12000 PSNR:22.033 SSIM:0.7363 c:3.732e-06
    iter 07700/12000 PSNR:22.034 SSIM:0.7363 c:3.679e-06
    iter 07800/12000 PSNR:22.036 SSIM:0.7363 c:3.618e-06
    iter 07900/12000 PSNR:22.037 SSIM:0.7363 c:3.628e-06
    iter 08000/12000 PSNR:22.039 SSIM:0.7363 c:3.837e-06
    iter 08100/12000 PSNR:22.040 SSIM:0.7363 c:4.110e-06
    iter 08200/12000 PSNR:22.041 SSIM:0.7363 c:4.370e-06
    iter 08300/12000 PSNR:22.043 SSIM:0.7363 c:4.729e-06
    iter 08400/12000 PSNR:22.044 SSIM:0.7364 c:5.461e-06
    iter 08500/12000 PSNR:22.046 SSIM:0.7364 c:6.869e-06
    iter 08600/12000 PSNR:22.048 SSIM:0.7365 c:8.596e-06
    iter 08700/12000 PSNR:22.050 SSIM:0.7365 c:1.075e-05
    iter 08800/12000 PSNR:22.053 SSIM:0.7366 c:1.538e-05
    iter 08900/12000 PSNR:22.056 SSIM:0.7369 c:2.273e-05
    iter 09000/12000 PSNR:22.056 SSIM:0.7371 c:1.548e-05
    iter 09100/12000 PSNR:22.056 SSIM:0.7370 c:7.074e-06
    iter 09200/12000 PSNR:22.055 SSIM:0.7370 c:5.965e-06
    iter 09300/12000 PSNR:22.054 SSIM:0.7369 c:6.007e-06
    iter 09400/12000 PSNR:22.052 SSIM:0.7368 c:6.045e-06
    iter 09500/12000 PSNR:22.051 SSIM:0.7367 c:6.448e-06
    iter 09600/12000 PSNR:22.049 SSIM:0.7366 c:7.100e-06
    iter 09700/12000 PSNR:22.046 SSIM:0.7365 c:7.002e-06
    iter 09800/12000 PSNR:22.044 SSIM:0.7364 c:5.837e-06
    iter 09900/12000 PSNR:22.043 SSIM:0.7363 c:4.381e-06
    iter 10000/12000 PSNR:22.041 SSIM:0.7363 c:3.177e-06
    iter 10100/12000 PSNR:22.040 SSIM:0.7362 c:2.363e-06
    iter 10200/12000 PSNR:22.040 SSIM:0.7362 c:1.824e-06
    iter 10300/12000 PSNR:22.039 SSIM:0.7362 c:1.450e-06
    iter 10400/12000 PSNR:22.039 SSIM:0.7362 c:1.175e-06
    iter 10500/12000 PSNR:22.039 SSIM:0.7361 c:9.644e-07
    iter 10600/12000 PSNR:22.039 SSIM:0.7361 c:8.071e-07
    iter 10700/12000 PSNR:22.038 SSIM:0.7361 c:6.834e-07
    iter 10800/12000 PSNR:22.038 SSIM:0.7361 c:5.844e-07
    iter 10900/12000 PSNR:22.038 SSIM:0.7361 c:5.042e-07
    iter 11000/12000 PSNR:22.038 SSIM:0.7361 c:4.395e-07
    iter 11100/12000 PSNR:22.038 SSIM:0.7361 c:3.875e-07
    iter 11200/12000 PSNR:22.038 SSIM:0.7361 c:3.448e-07
    iter 11300/12000 PSNR:22.038 SSIM:0.7361 c:3.066e-07
    iter 11400/12000 PSNR:22.038 SSIM:0.7361 c:2.746e-07
    iter 11500/12000 PSNR:22.038 SSIM:0.7361 c:2.483e-07
    iter 11600/12000 PSNR:22.037 SSIM:0.7361 c:2.271e-07
    iter 11700/12000 PSNR:22.037 SSIM:0.7361 c:2.088e-07
    iter 11800/12000 PSNR:22.037 SSIM:0.7361 c:1.948e-07
    iter 11900/12000 PSNR:22.037 SSIM:0.7361 c:1.830e-07
    iter 12000/12000 PSNR:22.037 SSIM:0.7361 c:1.737e-07
image 2/3 02.png: PSNR=22.0371, SSIM=0.7361, update=1.737e-07
    iter 00001/12000 PSNR:6.237 SSIM:0.0442 c:2.101e-02
    iter 00100/12000 PSNR:10.630 SSIM:0.1180 c:2.222e-03
    iter 00200/12000 PSNR:11.251 SSIM:0.1585 c:1.440e-03
    iter 00300/12000 PSNR:11.620 SSIM:0.1922 c:1.110e-03
    iter 00400/12000 PSNR:11.911 SSIM:0.2193 c:9.457e-04
    iter 00500/12000 PSNR:12.184 SSIM:0.2451 c:9.196e-04
    iter 00600/12000 PSNR:12.453 SSIM:0.2714 c:8.315e-04
    iter 00700/12000 PSNR:12.715 SSIM:0.2966 c:7.514e-04
    iter 00800/12000 PSNR:12.975 SSIM:0.3215 c:7.196e-04
    iter 00900/12000 PSNR:13.243 SSIM:0.3451 c:6.670e-04
    iter 01000/12000 PSNR:13.514 SSIM:0.3681 c:6.423e-04
    iter 01100/12000 PSNR:13.783 SSIM:0.3916 c:6.393e-04
    iter 01200/12000 PSNR:14.052 SSIM:0.4137 c:6.086e-04
    iter 01300/12000 PSNR:14.321 SSIM:0.4341 c:5.532e-04
    iter 01400/12000 PSNR:14.598 SSIM:0.4513 c:5.348e-04
    iter 01500/12000 PSNR:14.898 SSIM:0.4682 c:5.391e-04
    iter 01600/12000 PSNR:15.212 SSIM:0.4834 c:5.188e-04
    iter 01700/12000 PSNR:15.533 SSIM:0.4986 c:5.143e-04
    iter 01800/12000 PSNR:15.856 SSIM:0.5131 c:4.901e-04
    iter 01900/12000 PSNR:16.173 SSIM:0.5287 c:4.730e-04
    iter 02000/12000 PSNR:16.488 SSIM:0.5430 c:4.574e-04
    iter 02100/12000 PSNR:16.800 SSIM:0.5560 c:4.068e-04
    iter 02200/12000 PSNR:17.099 SSIM:0.5675 c:3.918e-04
    iter 02300/12000 PSNR:17.391 SSIM:0.5776 c:3.706e-04
    iter 02400/12000 PSNR:17.681 SSIM:0.5860 c:3.702e-04
    iter 02500/12000 PSNR:17.985 SSIM:0.5954 c:3.929e-04
    iter 02600/12000 PSNR:18.277 SSIM:0.6038 c:3.765e-04
    iter 02700/12000 PSNR:18.535 SSIM:0.6125 c:3.371e-04
    iter 02800/12000 PSNR:18.750 SSIM:0.6201 c:2.803e-04
    iter 02900/12000 PSNR:18.934 SSIM:0.6263 c:2.638e-04
    iter 03000/12000 PSNR:19.092 SSIM:0.6314 c:2.331e-04
    iter 03100/12000 PSNR:19.230 SSIM:0.6351 c:1.918e-04
    iter 03200/12000 PSNR:19.357 SSIM:0.6381 c:1.809e-04
    iter 03300/12000 PSNR:19.464 SSIM:0.6399 c:1.849e-04
    iter 03400/12000 PSNR:19.564 SSIM:0.6416 c:1.852e-04
    iter 03500/12000 PSNR:19.656 SSIM:0.6432 c:1.577e-04
    iter 03600/12000 PSNR:19.740 SSIM:0.6445 c:1.574e-04
    iter 03700/12000 PSNR:19.814 SSIM:0.6462 c:1.219e-04
    iter 03800/12000 PSNR:19.879 SSIM:0.6479 c:1.167e-04
    iter 03900/12000 PSNR:19.944 SSIM:0.6496 c:1.114e-04
    iter 04000/12000 PSNR:20.006 SSIM:0.6510 c:1.160e-04
    iter 04100/12000 PSNR:20.059 SSIM:0.6523 c:1.073e-04
    iter 04200/12000 PSNR:20.100 SSIM:0.6531 c:8.193e-05
    iter 04300/12000 PSNR:20.136 SSIM:0.6537 c:7.544e-05
    iter 04400/12000 PSNR:20.168 SSIM:0.6542 c:7.558e-05
    iter 04500/12000 PSNR:20.202 SSIM:0.6547 c:7.124e-05
    iter 04600/12000 PSNR:20.237 SSIM:0.6552 c:6.525e-05
    iter 04700/12000 PSNR:20.276 SSIM:0.6555 c:7.336e-05
    iter 04800/12000 PSNR:20.322 SSIM:0.6558 c:1.011e-04
    iter 04900/12000 PSNR:20.375 SSIM:0.6561 c:1.122e-04
    iter 05000/12000 PSNR:20.426 SSIM:0.6565 c:1.131e-04
    iter 05100/12000 PSNR:20.477 SSIM:0.6575 c:1.229e-04
    iter 05200/12000 PSNR:20.529 SSIM:0.6589 c:1.247e-04
    iter 05300/12000 PSNR:20.573 SSIM:0.6596 c:9.512e-05
    iter 05400/12000 PSNR:20.613 SSIM:0.6601 c:1.339e-04
    iter 05500/12000 PSNR:20.643 SSIM:0.6605 c:1.026e-04
    iter 05600/12000 PSNR:20.661 SSIM:0.6608 c:6.263e-05
    iter 05700/12000 PSNR:20.672 SSIM:0.6609 c:3.699e-05
    iter 05800/12000 PSNR:20.680 SSIM:0.6609 c:3.403e-05
    iter 05900/12000 PSNR:20.683 SSIM:0.6608 c:2.582e-05
    iter 06000/12000 PSNR:20.686 SSIM:0.6607 c:2.179e-05
    iter 06100/12000 PSNR:20.688 SSIM:0.6606 c:2.037e-05
    iter 06200/12000 PSNR:20.690 SSIM:0.6606 c:2.102e-05
    iter 06300/12000 PSNR:20.692 SSIM:0.6605 c:2.176e-05
    iter 06400/12000 PSNR:20.693 SSIM:0.6604 c:1.959e-05
    iter 06500/12000 PSNR:20.693 SSIM:0.6603 c:1.663e-05
    iter 06600/12000 PSNR:20.693 SSIM:0.6602 c:1.420e-05
    iter 06700/12000 PSNR:20.692 SSIM:0.6602 c:1.164e-05
    iter 06800/12000 PSNR:20.691 SSIM:0.6602 c:9.740e-06
    iter 06900/12000 PSNR:20.691 SSIM:0.6602 c:8.317e-06
    iter 07000/12000 PSNR:20.690 SSIM:0.6601 c:7.284e-06
    iter 07100/12000 PSNR:20.690 SSIM:0.6601 c:6.526e-06
    iter 07200/12000 PSNR:20.689 SSIM:0.6601 c:6.038e-06
    iter 07300/12000 PSNR:20.689 SSIM:0.6601 c:5.793e-06
    iter 07400/12000 PSNR:20.689 SSIM:0.6601 c:5.667e-06
    iter 07500/12000 PSNR:20.688 SSIM:0.6600 c:5.336e-06
    iter 07600/12000 PSNR:20.688 SSIM:0.6600 c:5.010e-06
    iter 07700/12000 PSNR:20.688 SSIM:0.6600 c:4.742e-06
    iter 07800/12000 PSNR:20.688 SSIM:0.6600 c:4.509e-06
    iter 07900/12000 PSNR:20.687 SSIM:0.6600 c:4.607e-06
    iter 08000/12000 PSNR:20.687 SSIM:0.6600 c:5.008e-06
    iter 08100/12000 PSNR:20.687 SSIM:0.6600 c:5.935e-06
    iter 08200/12000 PSNR:20.688 SSIM:0.6600 c:7.546e-06
    iter 08300/12000 PSNR:20.688 SSIM:0.6600 c:9.272e-06
    iter 08400/12000 PSNR:20.688 SSIM:0.6600 c:9.755e-06
    iter 08500/12000 PSNR:20.688 SSIM:0.6600 c:8.796e-06
    iter 08600/12000 PSNR:20.688 SSIM:0.6600 c:6.904e-06
    iter 08700/12000 PSNR:20.689 SSIM:0.6600 c:5.383e-06
    iter 08800/12000 PSNR:20.689 SSIM:0.6600 c:4.357e-06
    iter 08900/12000 PSNR:20.689 SSIM:0.6601 c:3.783e-06
    iter 09000/12000 PSNR:20.689 SSIM:0.6601 c:3.260e-06
    iter 09100/12000 PSNR:20.689 SSIM:0.6601 c:2.746e-06
    iter 09200/12000 PSNR:20.689 SSIM:0.6601 c:2.280e-06
    iter 09300/12000 PSNR:20.689 SSIM:0.6601 c:1.904e-06
    iter 09400/12000 PSNR:20.689 SSIM:0.6601 c:1.589e-06
    iter 09500/12000 PSNR:20.689 SSIM:0.6601 c:1.314e-06
    iter 09600/12000 PSNR:20.689 SSIM:0.6601 c:1.070e-06
    iter 09700/12000 PSNR:20.688 SSIM:0.6601 c:8.728e-07
    iter 09800/12000 PSNR:20.688 SSIM:0.6601 c:7.208e-07
    iter 09900/12000 PSNR:20.688 SSIM:0.6601 c:6.067e-07
    iter 10000/12000 PSNR:20.688 SSIM:0.6601 c:5.175e-07
    iter 10100/12000 PSNR:20.688 SSIM:0.6601 c:4.439e-07
    iter 10200/12000 PSNR:20.688 SSIM:0.6601 c:3.836e-07
    iter 10300/12000 PSNR:20.688 SSIM:0.6601 c:3.332e-07
    iter 10400/12000 PSNR:20.688 SSIM:0.6601 c:2.919e-07
    iter 10500/12000 PSNR:20.688 SSIM:0.6601 c:2.582e-07
    iter 10600/12000 PSNR:20.688 SSIM:0.6601 c:2.307e-07
    iter 10700/12000 PSNR:20.688 SSIM:0.6601 c:2.099e-07
    iter 10800/12000 PSNR:20.688 SSIM:0.6601 c:1.941e-07
    iter 10900/12000 PSNR:20.688 SSIM:0.6601 c:1.857e-07
    iter 11000/12000 PSNR:20.688 SSIM:0.6601 c:1.802e-07
    iter 11100/12000 PSNR:20.688 SSIM:0.6601 c:1.770e-07
    iter 11200/12000 PSNR:20.688 SSIM:0.6601 c:1.760e-07
    iter 11300/12000 PSNR:20.688 SSIM:0.6601 c:1.738e-07
    iter 11400/12000 PSNR:20.688 SSIM:0.6601 c:1.667e-07
    iter 11500/12000 PSNR:20.688 SSIM:0.6601 c:1.572e-07
    iter 11600/12000 PSNR:20.688 SSIM:0.6601 c:1.459e-07
    iter 11700/12000 PSNR:20.688 SSIM:0.6601 c:1.342e-07
    iter 11800/12000 PSNR:20.688 SSIM:0.6601 c:1.226e-07
    iter 11900/12000 PSNR:20.688 SSIM:0.6601 c:1.119e-07
    iter 12000/12000 PSNR:20.688 SSIM:0.6601 c:1.024e-07
image 3/3 03.png: PSNR=20.6880, SSIM=0.6601, update=1.024e-07
AVERAGE Inpainting, eta=2: PSNR=21.1614, SSIM=0.6949

=== Inpainting | eta=10 | lambda=0.001 | max_iter=12000 | r=0.8 ===
    iter 00001/12000 PSNR:10.413 SSIM:0.1423 c:1.148e-02
    iter 00100/12000 PSNR:13.934 SSIM:0.2897 c:1.749e-03
    iter 00200/12000 PSNR:16.014 SSIM:0.3429 c:1.616e-03
    iter 00300/12000 PSNR:18.502 SSIM:0.4634 c:1.712e-03
    iter 00400/12000 PSNR:21.355 SSIM:0.6175 c:1.216e-03
    iter 00500/12000 PSNR:23.464 SSIM:0.7121 c:6.528e-04
    iter 00600/12000 PSNR:24.450 SSIM:0.7459 c:3.004e-04
    iter 00700/12000 PSNR:24.825 SSIM:0.7556 c:1.466e-04
    iter 00800/12000 PSNR:24.973 SSIM:0.7586 c:7.512e-05
    iter 00900/12000 PSNR:25.049 SSIM:0.7600 c:5.359e-05
    iter 01000/12000 PSNR:25.096 SSIM:0.7610 c:3.993e-05
    iter 01100/12000 PSNR:25.121 SSIM:0.7615 c:2.186e-05
    iter 01200/12000 PSNR:25.134 SSIM:0.7616 c:1.498e-05
    iter 01300/12000 PSNR:25.140 SSIM:0.7617 c:1.027e-05
    iter 01400/12000 PSNR:25.143 SSIM:0.7617 c:7.857e-06
    iter 01500/12000 PSNR:25.145 SSIM:0.7617 c:6.378e-06
    iter 01600/12000 PSNR:25.145 SSIM:0.7617 c:5.487e-06
    iter 01700/12000 PSNR:25.145 SSIM:0.7617 c:4.811e-06
    iter 01800/12000 PSNR:25.145 SSIM:0.7616 c:4.541e-06
    iter 01900/12000 PSNR:25.145 SSIM:0.7616 c:4.148e-06
    iter 02000/12000 PSNR:25.145 SSIM:0.7616 c:3.761e-06
    iter 02100/12000 PSNR:25.145 SSIM:0.7616 c:3.546e-06
    iter 02200/12000 PSNR:25.144 SSIM:0.7616 c:3.367e-06
    iter 02300/12000 PSNR:25.144 SSIM:0.7616 c:2.905e-06
    iter 02400/12000 PSNR:25.144 SSIM:0.7616 c:2.562e-06
    iter 02500/12000 PSNR:25.144 SSIM:0.7616 c:2.143e-06
    iter 02600/12000 PSNR:25.143 SSIM:0.7616 c:1.669e-06
    iter 02700/12000 PSNR:25.143 SSIM:0.7616 c:1.330e-06
    iter 02800/12000 PSNR:25.143 SSIM:0.7616 c:1.115e-06
    iter 02900/12000 PSNR:25.143 SSIM:0.7616 c:9.198e-07
    iter 03000/12000 PSNR:25.143 SSIM:0.7616 c:7.961e-07
    iter 03100/12000 PSNR:25.143 SSIM:0.7616 c:7.230e-07
    iter 03200/12000 PSNR:25.143 SSIM:0.7616 c:6.696e-07
    iter 03300/12000 PSNR:25.143 SSIM:0.7616 c:6.440e-07
    iter 03400/12000 PSNR:25.143 SSIM:0.7616 c:6.134e-07
    iter 03500/12000 PSNR:25.143 SSIM:0.7616 c:5.716e-07
    iter 03600/12000 PSNR:25.143 SSIM:0.7616 c:5.547e-07
    iter 03700/12000 PSNR:25.143 SSIM:0.7616 c:5.461e-07
    iter 03800/12000 PSNR:25.143 SSIM:0.7616 c:5.468e-07
    iter 03900/12000 PSNR:25.143 SSIM:0.7616 c:5.614e-07
    iter 04000/12000 PSNR:25.143 SSIM:0.7616 c:5.898e-07
    iter 04100/12000 PSNR:25.143 SSIM:0.7616 c:5.982e-07
    iter 04200/12000 PSNR:25.143 SSIM:0.7616 c:6.014e-07
    iter 04300/12000 PSNR:25.143 SSIM:0.7616 c:6.318e-07
    iter 04400/12000 PSNR:25.143 SSIM:0.7616 c:7.042e-07
    iter 04500/12000 PSNR:25.143 SSIM:0.7616 c:8.139e-07
    iter 04600/12000 PSNR:25.143 SSIM:0.7616 c:8.624e-07
    iter 04700/12000 PSNR:25.143 SSIM:0.7616 c:9.117e-07
    iter 04800/12000 PSNR:25.144 SSIM:0.7616 c:9.828e-07
    iter 04900/12000 PSNR:25.144 SSIM:0.7616 c:1.006e-06
    iter 05000/12000 PSNR:25.144 SSIM:0.7616 c:9.310e-07
    iter 05100/12000 PSNR:25.144 SSIM:0.7617 c:8.502e-07
    iter 05200/12000 PSNR:25.144 SSIM:0.7617 c:8.379e-07
    iter 05300/12000 PSNR:25.145 SSIM:0.7617 c:8.242e-07
    iter 05400/12000 PSNR:25.145 SSIM:0.7617 c:8.447e-07
    iter 05500/12000 PSNR:25.145 SSIM:0.7617 c:9.706e-07
    iter 05600/12000 PSNR:25.145 SSIM:0.7617 c:1.045e-06
    iter 05700/12000 PSNR:25.145 SSIM:0.7617 c:1.023e-06
    iter 05800/12000 PSNR:25.145 SSIM:0.7617 c:8.895e-07
    iter 05900/12000 PSNR:25.146 SSIM:0.7617 c:6.991e-07
    iter 06000/12000 PSNR:25.146 SSIM:0.7617 c:4.886e-07
    iter 06100/12000 PSNR:25.146 SSIM:0.7618 c:3.261e-07
    iter 06200/12000 PSNR:25.146 SSIM:0.7618 c:2.115e-07
    iter 06300/12000 PSNR:25.146 SSIM:0.7618 c:1.353e-07
    iter 06400/12000 PSNR:25.146 SSIM:0.7618 c:9.109e-08
    iter 06500/12000 PSNR:25.146 SSIM:0.7618 c:6.692e-08
    iter 06600/12000 PSNR:25.146 SSIM:0.7618 c:5.398e-08
    iter 06700/12000 PSNR:25.146 SSIM:0.7618 c:4.686e-08
    iter 06800/12000 PSNR:25.146 SSIM:0.7618 c:4.348e-08
    iter 06900/12000 PSNR:25.146 SSIM:0.7618 c:4.099e-08
    iter 07000/12000 PSNR:25.146 SSIM:0.7618 c:3.923e-08
    iter 07100/12000 PSNR:25.146 SSIM:0.7618 c:3.777e-08
    iter 07200/12000 PSNR:25.146 SSIM:0.7618 c:3.631e-08
    iter 07300/12000 PSNR:25.146 SSIM:0.7618 c:3.526e-08
    iter 07400/12000 PSNR:25.146 SSIM:0.7618 c:3.412e-08
    iter 07500/12000 PSNR:25.146 SSIM:0.7618 c:3.352e-08
    iter 07600/12000 PSNR:25.146 SSIM:0.7618 c:3.301e-08
    iter 07700/12000 PSNR:25.146 SSIM:0.7618 c:3.159e-08
    iter 07800/12000 PSNR:25.146 SSIM:0.7618 c:3.156e-08
    iter 07900/12000 PSNR:25.146 SSIM:0.7618 c:3.127e-08
    iter 08000/12000 PSNR:25.146 SSIM:0.7618 c:3.091e-08
    iter 08100/12000 PSNR:25.146 SSIM:0.7618 c:3.011e-08
    iter 08200/12000 PSNR:25.146 SSIM:0.7618 c:3.003e-08
    iter 08300/12000 PSNR:25.146 SSIM:0.7618 c:3.021e-08
    iter 08400/12000 PSNR:25.146 SSIM:0.7618 c:2.940e-08
    iter 08500/12000 PSNR:25.146 SSIM:0.7618 c:2.953e-08
    iter 08600/12000 PSNR:25.146 SSIM:0.7618 c:2.952e-08
    iter 08700/12000 PSNR:25.146 SSIM:0.7618 c:2.943e-08
    iter 08800/12000 PSNR:25.146 SSIM:0.7618 c:2.923e-08
    iter 08900/12000 PSNR:25.146 SSIM:0.7618 c:2.945e-08
    iter 09000/12000 PSNR:25.146 SSIM:0.7618 c:2.913e-08
    iter 09100/12000 PSNR:25.146 SSIM:0.7618 c:2.913e-08
    iter 09200/12000 PSNR:25.146 SSIM:0.7618 c:2.884e-08
    iter 09300/12000 PSNR:25.146 SSIM:0.7618 c:2.907e-08
    iter 09400/12000 PSNR:25.146 SSIM:0.7618 c:2.916e-08
    iter 09500/12000 PSNR:25.146 SSIM:0.7618 c:2.881e-08
    iter 09600/12000 PSNR:25.146 SSIM:0.7618 c:2.905e-08
    iter 09700/12000 PSNR:25.146 SSIM:0.7618 c:2.859e-08
    iter 09800/12000 PSNR:25.146 SSIM:0.7618 c:2.887e-08
    iter 09900/12000 PSNR:25.146 SSIM:0.7618 c:2.875e-08
    iter 10000/12000 PSNR:25.146 SSIM:0.7618 c:2.872e-08
    iter 10100/12000 PSNR:25.146 SSIM:0.7618 c:2.853e-08
    iter 10200/12000 PSNR:25.146 SSIM:0.7618 c:2.876e-08
    iter 10300/12000 PSNR:25.146 SSIM:0.7618 c:2.882e-08
    iter 10400/12000 PSNR:25.146 SSIM:0.7618 c:2.881e-08
    iter 10500/12000 PSNR:25.146 SSIM:0.7618 c:2.902e-08
    iter 10600/12000 PSNR:25.146 SSIM:0.7618 c:2.852e-08
    iter 10700/12000 PSNR:25.146 SSIM:0.7618 c:2.885e-08
    iter 10800/12000 PSNR:25.146 SSIM:0.7618 c:2.851e-08
    iter 10900/12000 PSNR:25.146 SSIM:0.7618 c:2.877e-08
    iter 11000/12000 PSNR:25.146 SSIM:0.7618 c:2.872e-08
    iter 11100/12000 PSNR:25.146 SSIM:0.7618 c:2.854e-08
    iter 11200/12000 PSNR:25.146 SSIM:0.7618 c:2.861e-08
    iter 11300/12000 PSNR:25.146 SSIM:0.7618 c:2.869e-08
    iter 11400/12000 PSNR:25.146 SSIM:0.7618 c:2.857e-08
    iter 11500/12000 PSNR:25.146 SSIM:0.7618 c:2.876e-08
    iter 11600/12000 PSNR:25.146 SSIM:0.7618 c:2.868e-08
    iter 11700/12000 PSNR:25.146 SSIM:0.7618 c:2.868e-08
    iter 11800/12000 PSNR:25.146 SSIM:0.7618 c:2.876e-08
    iter 11900/12000 PSNR:25.146 SSIM:0.7618 c:2.833e-08
    iter 12000/12000 PSNR:25.146 SSIM:0.7618 c:2.828e-08
image 1/3 01.png: PSNR=25.1457, SSIM=0.7618, update=2.828e-08
    iter 00001/12000 PSNR:9.775 SSIM:0.0509 c:1.032e-02
    iter 00100/12000 PSNR:13.581 SSIM:0.1398 c:1.940e-03
    iter 00200/12000 PSNR:16.018 SSIM:0.2628 c:1.812e-03
    iter 00300/12000 PSNR:19.195 SSIM:0.4705 c:1.713e-03
    iter 00400/12000 PSNR:22.733 SSIM:0.6639 c:1.050e-03
    iter 00500/12000 PSNR:25.201 SSIM:0.7565 c:4.665e-04
    iter 00600/12000 PSNR:26.398 SSIM:0.7844 c:1.990e-04
    iter 00700/12000 PSNR:26.894 SSIM:0.7920 c:1.104e-04
    iter 00800/12000 PSNR:27.081 SSIM:0.7944 c:6.476e-05
    iter 00900/12000 PSNR:27.149 SSIM:0.7952 c:4.511e-05
    iter 01000/12000 PSNR:27.164 SSIM:0.7950 c:4.060e-05
    iter 01100/12000 PSNR:27.165 SSIM:0.7948 c:2.127e-05
    iter 01200/12000 PSNR:27.168 SSIM:0.7947 c:1.275e-05
    iter 01300/12000 PSNR:27.170 SSIM:0.7947 c:8.725e-06
    iter 01400/12000 PSNR:27.170 SSIM:0.7947 c:6.648e-06
    iter 01500/12000 PSNR:27.171 SSIM:0.7947 c:5.676e-06
    iter 01600/12000 PSNR:27.171 SSIM:0.7947 c:5.202e-06
    iter 01700/12000 PSNR:27.171 SSIM:0.7947 c:4.559e-06
    iter 01800/12000 PSNR:27.171 SSIM:0.7947 c:3.333e-06
    iter 01900/12000 PSNR:27.171 SSIM:0.7947 c:2.252e-06
    iter 02000/12000 PSNR:27.171 SSIM:0.7947 c:1.550e-06
    iter 02100/12000 PSNR:27.170 SSIM:0.7947 c:1.125e-06
    iter 02200/12000 PSNR:27.170 SSIM:0.7947 c:8.720e-07
    iter 02300/12000 PSNR:27.170 SSIM:0.7947 c:6.945e-07
    iter 02400/12000 PSNR:27.170 SSIM:0.7947 c:5.515e-07
    iter 02500/12000 PSNR:27.170 SSIM:0.7947 c:4.436e-07
    iter 02600/12000 PSNR:27.169 SSIM:0.7947 c:3.658e-07
    iter 02700/12000 PSNR:27.169 SSIM:0.7947 c:3.130e-07
    iter 02800/12000 PSNR:27.169 SSIM:0.7947 c:2.739e-07
    iter 02900/12000 PSNR:27.169 SSIM:0.7947 c:2.440e-07
    iter 03000/12000 PSNR:27.169 SSIM:0.7947 c:2.264e-07
    iter 03100/12000 PSNR:27.169 SSIM:0.7947 c:2.071e-07
    iter 03200/12000 PSNR:27.169 SSIM:0.7947 c:1.834e-07
    iter 03300/12000 PSNR:27.169 SSIM:0.7947 c:1.610e-07
    iter 03400/12000 PSNR:27.169 SSIM:0.7947 c:1.450e-07
    iter 03500/12000 PSNR:27.169 SSIM:0.7947 c:1.308e-07
    iter 03600/12000 PSNR:27.169 SSIM:0.7947 c:1.157e-07
    iter 03700/12000 PSNR:27.169 SSIM:0.7947 c:9.421e-08
    iter 03800/12000 PSNR:27.169 SSIM:0.7947 c:7.403e-08
    iter 03900/12000 PSNR:27.169 SSIM:0.7947 c:5.939e-08
    iter 04000/12000 PSNR:27.169 SSIM:0.7947 c:4.803e-08
    iter 04100/12000 PSNR:27.169 SSIM:0.7947 c:4.033e-08
    iter 04200/12000 PSNR:27.169 SSIM:0.7947 c:3.568e-08
    iter 04300/12000 PSNR:27.169 SSIM:0.7947 c:3.241e-08
    iter 04400/12000 PSNR:27.169 SSIM:0.7947 c:3.073e-08
    iter 04500/12000 PSNR:27.169 SSIM:0.7947 c:2.960e-08
    iter 04600/12000 PSNR:27.169 SSIM:0.7947 c:2.904e-08
    iter 04700/12000 PSNR:27.169 SSIM:0.7947 c:2.872e-08
    iter 04800/12000 PSNR:27.169 SSIM:0.7947 c:2.859e-08
    iter 04900/12000 PSNR:27.169 SSIM:0.7947 c:2.823e-08
    iter 05000/12000 PSNR:27.169 SSIM:0.7947 c:2.784e-08
    iter 05100/12000 PSNR:27.169 SSIM:0.7947 c:2.793e-08
    iter 05200/12000 PSNR:27.169 SSIM:0.7947 c:2.788e-08
    iter 05300/12000 PSNR:27.169 SSIM:0.7947 c:2.767e-08
    iter 05400/12000 PSNR:27.169 SSIM:0.7947 c:2.792e-08
    iter 05500/12000 PSNR:27.169 SSIM:0.7947 c:2.813e-08
    iter 05600/12000 PSNR:27.169 SSIM:0.7947 c:2.774e-08
    iter 05700/12000 PSNR:27.169 SSIM:0.7947 c:2.807e-08
    iter 05800/12000 PSNR:27.169 SSIM:0.7947 c:2.777e-08
    iter 05900/12000 PSNR:27.169 SSIM:0.7947 c:2.780e-08
    iter 06000/12000 PSNR:27.169 SSIM:0.7947 c:2.760e-08
    iter 06100/12000 PSNR:27.169 SSIM:0.7947 c:2.779e-08
    iter 06200/12000 PSNR:27.169 SSIM:0.7947 c:2.758e-08
    iter 06300/12000 PSNR:27.169 SSIM:0.7947 c:2.779e-08
    iter 06400/12000 PSNR:27.169 SSIM:0.7947 c:2.784e-08
    iter 06500/12000 PSNR:27.169 SSIM:0.7947 c:2.758e-08
    iter 06600/12000 PSNR:27.169 SSIM:0.7947 c:2.793e-08
    iter 06700/12000 PSNR:27.169 SSIM:0.7947 c:2.804e-08
    iter 06800/12000 PSNR:27.169 SSIM:0.7947 c:2.785e-08
    iter 06900/12000 PSNR:27.169 SSIM:0.7947 c:2.740e-08
    iter 07000/12000 PSNR:27.169 SSIM:0.7947 c:2.776e-08
    iter 07100/12000 PSNR:27.169 SSIM:0.7947 c:2.777e-08
    iter 07200/12000 PSNR:27.169 SSIM:0.7947 c:2.780e-08
    iter 07300/12000 PSNR:27.169 SSIM:0.7947 c:2.766e-08
    iter 07400/12000 PSNR:27.169 SSIM:0.7947 c:2.749e-08
    iter 07500/12000 PSNR:27.169 SSIM:0.7947 c:2.774e-08
    iter 07600/12000 PSNR:27.169 SSIM:0.7947 c:2.768e-08
    iter 07700/12000 PSNR:27.169 SSIM:0.7947 c:2.755e-08
    iter 07800/12000 PSNR:27.169 SSIM:0.7947 c:2.739e-08
    iter 07900/12000 PSNR:27.169 SSIM:0.7947 c:2.770e-08
    iter 08000/12000 PSNR:27.169 SSIM:0.7947 c:2.799e-08
    iter 08100/12000 PSNR:27.169 SSIM:0.7947 c:2.778e-08
    iter 08200/12000 PSNR:27.169 SSIM:0.7947 c:2.771e-08
    iter 08300/12000 PSNR:27.169 SSIM:0.7947 c:2.760e-08
    iter 08400/12000 PSNR:27.169 SSIM:0.7947 c:2.788e-08
    iter 08500/12000 PSNR:27.169 SSIM:0.7947 c:2.800e-08
    iter 08600/12000 PSNR:27.169 SSIM:0.7947 c:2.766e-08
    iter 08700/12000 PSNR:27.169 SSIM:0.7947 c:2.769e-08
    iter 08800/12000 PSNR:27.169 SSIM:0.7947 c:2.779e-08
    iter 08900/12000 PSNR:27.169 SSIM:0.7947 c:2.778e-08
    iter 09000/12000 PSNR:27.169 SSIM:0.7947 c:2.789e-08
    iter 09100/12000 PSNR:27.169 SSIM:0.7947 c:2.747e-08
    iter 09200/12000 PSNR:27.169 SSIM:0.7947 c:2.762e-08
    iter 09300/12000 PSNR:27.169 SSIM:0.7947 c:2.795e-08
    iter 09400/12000 PSNR:27.169 SSIM:0.7947 c:2.749e-08
    iter 09500/12000 PSNR:27.169 SSIM:0.7947 c:2.723e-08
    iter 09600/12000 PSNR:27.169 SSIM:0.7947 c:2.757e-08
    iter 09700/12000 PSNR:27.169 SSIM:0.7947 c:2.750e-08
    iter 09800/12000 PSNR:27.169 SSIM:0.7947 c:2.783e-08
    iter 09900/12000 PSNR:27.169 SSIM:0.7947 c:2.769e-08
    iter 10000/12000 PSNR:27.169 SSIM:0.7947 c:2.783e-08
    iter 10100/12000 PSNR:27.169 SSIM:0.7947 c:2.763e-08
    iter 10200/12000 PSNR:27.169 SSIM:0.7947 c:2.789e-08
    iter 10300/12000 PSNR:27.169 SSIM:0.7947 c:2.779e-08
    iter 10400/12000 PSNR:27.169 SSIM:0.7947 c:2.776e-08
    iter 10500/12000 PSNR:27.169 SSIM:0.7947 c:2.753e-08
    iter 10600/12000 PSNR:27.169 SSIM:0.7947 c:2.788e-08
    iter 10700/12000 PSNR:27.169 SSIM:0.7947 c:2.743e-08
    iter 10800/12000 PSNR:27.169 SSIM:0.7947 c:2.778e-08
    iter 10900/12000 PSNR:27.169 SSIM:0.7947 c:2.756e-08
    iter 11000/12000 PSNR:27.169 SSIM:0.7947 c:2.763e-08
    iter 11100/12000 PSNR:27.169 SSIM:0.7947 c:2.752e-08
    iter 11200/12000 PSNR:27.169 SSIM:0.7947 c:2.761e-08
    iter 11300/12000 PSNR:27.169 SSIM:0.7947 c:2.745e-08
    iter 11400/12000 PSNR:27.169 SSIM:0.7947 c:2.770e-08
    iter 11500/12000 PSNR:27.169 SSIM:0.7947 c:2.786e-08
    iter 11600/12000 PSNR:27.169 SSIM:0.7947 c:2.773e-08
    iter 11700/12000 PSNR:27.169 SSIM:0.7947 c:2.759e-08
    iter 11800/12000 PSNR:27.169 SSIM:0.7947 c:2.777e-08
    iter 11900/12000 PSNR:27.169 SSIM:0.7947 c:2.762e-08
    iter 12000/12000 PSNR:27.169 SSIM:0.7947 c:2.742e-08
image 2/3 02.png: PSNR=27.1693, SSIM=0.7947, update=2.742e-08
    iter 00001/12000 PSNR:10.386 SSIM:0.1086 c:1.009e-02
    iter 00100/12000 PSNR:14.195 SSIM:0.2373 c:2.004e-03
    iter 00200/12000 PSNR:16.604 SSIM:0.3711 c:1.762e-03
    iter 00300/12000 PSNR:19.401 SSIM:0.5472 c:1.578e-03
    iter 00400/12000 PSNR:22.197 SSIM:0.6844 c:1.010e-03
    iter 00500/12000 PSNR:24.015 SSIM:0.7399 c:5.074e-04
    iter 00600/12000 PSNR:24.888 SSIM:0.7602 c:2.412e-04
    iter 00700/12000 PSNR:25.237 SSIM:0.7649 c:1.154e-04
    iter 00800/12000 PSNR:25.397 SSIM:0.7662 c:7.509e-05
    iter 00900/12000 PSNR:25.484 SSIM:0.7669 c:5.647e-05
    iter 01000/12000 PSNR:25.531 SSIM:0.7673 c:3.975e-05
    iter 01100/12000 PSNR:25.559 SSIM:0.7676 c:7.204e-05
    iter 01200/12000 PSNR:25.573 SSIM:0.7680 c:2.182e-05
    iter 01300/12000 PSNR:25.579 SSIM:0.7681 c:1.102e-05
    iter 01400/12000 PSNR:25.582 SSIM:0.7681 c:7.082e-06
    iter 01500/12000 PSNR:25.584 SSIM:0.7681 c:4.739e-06
    iter 01600/12000 PSNR:25.585 SSIM:0.7681 c:3.297e-06
    iter 01700/12000 PSNR:25.586 SSIM:0.7681 c:2.436e-06
    iter 01800/12000 PSNR:25.586 SSIM:0.7681 c:1.892e-06
    iter 01900/12000 PSNR:25.586 SSIM:0.7681 c:1.531e-06
    iter 02000/12000 PSNR:25.586 SSIM:0.7681 c:1.272e-06
    iter 02100/12000 PSNR:25.586 SSIM:0.7681 c:1.073e-06
    iter 02200/12000 PSNR:25.586 SSIM:0.7681 c:9.416e-07
    iter 02300/12000 PSNR:25.586 SSIM:0.7681 c:8.306e-07
    iter 02400/12000 PSNR:25.586 SSIM:0.7681 c:7.162e-07
    iter 02500/12000 PSNR:25.586 SSIM:0.7681 c:6.293e-07
    iter 02600/12000 PSNR:25.586 SSIM:0.7681 c:5.676e-07
    iter 02700/12000 PSNR:25.586 SSIM:0.7681 c:5.318e-07
    iter 02800/12000 PSNR:25.586 SSIM:0.7681 c:5.205e-07
    iter 02900/12000 PSNR:25.586 SSIM:0.7681 c:4.681e-07
    iter 03000/12000 PSNR:25.586 SSIM:0.7681 c:4.310e-07
    iter 03100/12000 PSNR:25.586 SSIM:0.7681 c:4.038e-07
    iter 03200/12000 PSNR:25.586 SSIM:0.7681 c:3.768e-07
    iter 03300/12000 PSNR:25.586 SSIM:0.7681 c:3.647e-07
    iter 03400/12000 PSNR:25.586 SSIM:0.7681 c:3.696e-07
    iter 03500/12000 PSNR:25.586 SSIM:0.7681 c:3.734e-07
    iter 03600/12000 PSNR:25.586 SSIM:0.7681 c:3.675e-07
    iter 03700/12000 PSNR:25.586 SSIM:0.7681 c:3.666e-07
    iter 03800/12000 PSNR:25.586 SSIM:0.7681 c:3.555e-07
    iter 03900/12000 PSNR:25.586 SSIM:0.7681 c:3.288e-07
    iter 04000/12000 PSNR:25.586 SSIM:0.7681 c:2.852e-07
    iter 04100/12000 PSNR:25.586 SSIM:0.7681 c:2.401e-07
    iter 04200/12000 PSNR:25.586 SSIM:0.7681 c:2.072e-07
    iter 04300/12000 PSNR:25.586 SSIM:0.7681 c:1.783e-07
    iter 04400/12000 PSNR:25.586 SSIM:0.7681 c:1.505e-07
    iter 04500/12000 PSNR:25.586 SSIM:0.7681 c:1.254e-07
    iter 04600/12000 PSNR:25.586 SSIM:0.7681 c:1.052e-07
    iter 04700/12000 PSNR:25.586 SSIM:0.7681 c:8.682e-08
    iter 04800/12000 PSNR:25.586 SSIM:0.7681 c:7.111e-08
    iter 04900/12000 PSNR:25.586 SSIM:0.7681 c:5.908e-08
    iter 05000/12000 PSNR:25.586 SSIM:0.7681 c:4.983e-08
    iter 05100/12000 PSNR:25.586 SSIM:0.7681 c:4.276e-08
    iter 05200/12000 PSNR:25.586 SSIM:0.7681 c:3.793e-08
    iter 05300/12000 PSNR:25.586 SSIM:0.7681 c:3.517e-08
    iter 05400/12000 PSNR:25.586 SSIM:0.7681 c:3.262e-08
    iter 05500/12000 PSNR:25.586 SSIM:0.7681 c:3.103e-08
    iter 05600/12000 PSNR:25.586 SSIM:0.7681 c:2.961e-08
    iter 05700/12000 PSNR:25.586 SSIM:0.7681 c:2.883e-08
    iter 05800/12000 PSNR:25.586 SSIM:0.7681 c:2.815e-08
    iter 05900/12000 PSNR:25.586 SSIM:0.7681 c:2.762e-08
    iter 06000/12000 PSNR:25.586 SSIM:0.7681 c:2.704e-08
    iter 06100/12000 PSNR:25.586 SSIM:0.7681 c:2.682e-08
    iter 06200/12000 PSNR:25.586 SSIM:0.7681 c:2.637e-08
    iter 06300/12000 PSNR:25.586 SSIM:0.7681 c:2.604e-08
    iter 06400/12000 PSNR:25.586 SSIM:0.7681 c:2.616e-08
    iter 06500/12000 PSNR:25.586 SSIM:0.7681 c:2.648e-08
    iter 06600/12000 PSNR:25.586 SSIM:0.7681 c:2.591e-08
    iter 06700/12000 PSNR:25.586 SSIM:0.7681 c:2.587e-08
    iter 06800/12000 PSNR:25.586 SSIM:0.7681 c:2.574e-08
    iter 06900/12000 PSNR:25.586 SSIM:0.7681 c:2.622e-08
    iter 07000/12000 PSNR:25.586 SSIM:0.7681 c:2.598e-08
    iter 07100/12000 PSNR:25.586 SSIM:0.7681 c:2.610e-08
    iter 07200/12000 PSNR:25.586 SSIM:0.7681 c:2.570e-08
    iter 07300/12000 PSNR:25.586 SSIM:0.7681 c:2.610e-08
    iter 07400/12000 PSNR:25.586 SSIM:0.7681 c:2.578e-08
    iter 07500/12000 PSNR:25.586 SSIM:0.7681 c:2.552e-08
    iter 07600/12000 PSNR:25.586 SSIM:0.7681 c:2.550e-08
    iter 07700/12000 PSNR:25.586 SSIM:0.7681 c:2.560e-08
    iter 07800/12000 PSNR:25.586 SSIM:0.7681 c:2.562e-08
    iter 07900/12000 PSNR:25.586 SSIM:0.7681 c:2.576e-08
    iter 08000/12000 PSNR:25.586 SSIM:0.7681 c:2.597e-08
    iter 08100/12000 PSNR:25.586 SSIM:0.7681 c:2.576e-08
    iter 08200/12000 PSNR:25.586 SSIM:0.7681 c:2.563e-08
    iter 08300/12000 PSNR:25.586 SSIM:0.7681 c:2.581e-08
    iter 08400/12000 PSNR:25.586 SSIM:0.7681 c:2.530e-08
    iter 08500/12000 PSNR:25.586 SSIM:0.7681 c:2.599e-08
    iter 08600/12000 PSNR:25.586 SSIM:0.7681 c:2.579e-08
    iter 08700/12000 PSNR:25.586 SSIM:0.7681 c:2.553e-08
    iter 08800/12000 PSNR:25.586 SSIM:0.7681 c:2.565e-08
    iter 08900/12000 PSNR:25.586 SSIM:0.7681 c:2.617e-08
    iter 09000/12000 PSNR:25.586 SSIM:0.7681 c:2.561e-08
    iter 09100/12000 PSNR:25.586 SSIM:0.7681 c:2.556e-08
    iter 09200/12000 PSNR:25.586 SSIM:0.7681 c:2.566e-08
    iter 09300/12000 PSNR:25.586 SSIM:0.7681 c:2.546e-08
    iter 09400/12000 PSNR:25.586 SSIM:0.7681 c:2.590e-08
    iter 09500/12000 PSNR:25.586 SSIM:0.7681 c:2.589e-08
    iter 09600/12000 PSNR:25.586 SSIM:0.7681 c:2.595e-08
    iter 09700/12000 PSNR:25.586 SSIM:0.7681 c:2.569e-08
    iter 09800/12000 PSNR:25.586 SSIM:0.7681 c:2.598e-08
    iter 09900/12000 PSNR:25.586 SSIM:0.7681 c:2.576e-08
    iter 10000/12000 PSNR:25.586 SSIM:0.7681 c:2.560e-08
    iter 10100/12000 PSNR:25.586 SSIM:0.7681 c:2.560e-08
    iter 10200/12000 PSNR:25.586 SSIM:0.7681 c:2.565e-08
    iter 10300/12000 PSNR:25.586 SSIM:0.7681 c:2.562e-08
    iter 10400/12000 PSNR:25.586 SSIM:0.7681 c:2.547e-08
    iter 10500/12000 PSNR:25.586 SSIM:0.7681 c:2.571e-08
    iter 10600/12000 PSNR:25.586 SSIM:0.7681 c:2.551e-08
    iter 10700/12000 PSNR:25.586 SSIM:0.7681 c:2.542e-08
    iter 10800/12000 PSNR:25.586 SSIM:0.7681 c:2.593e-08
    iter 10900/12000 PSNR:25.586 SSIM:0.7681 c:2.569e-08
    iter 11000/12000 PSNR:25.586 SSIM:0.7681 c:2.577e-08
    iter 11100/12000 PSNR:25.586 SSIM:0.7681 c:2.584e-08
    iter 11200/12000 PSNR:25.586 SSIM:0.7681 c:2.572e-08
    iter 11300/12000 PSNR:25.586 SSIM:0.7681 c:2.585e-08
    iter 11400/12000 PSNR:25.586 SSIM:0.7681 c:2.542e-08
    iter 11500/12000 PSNR:25.586 SSIM:0.7681 c:2.580e-08
    iter 11600/12000 PSNR:25.586 SSIM:0.7681 c:2.598e-08
    iter 11700/12000 PSNR:25.586 SSIM:0.7681 c:2.572e-08
    iter 11800/12000 PSNR:25.586 SSIM:0.7681 c:2.576e-08
    iter 11900/12000 PSNR:25.586 SSIM:0.7681 c:2.582e-08
    iter 12000/12000 PSNR:25.586 SSIM:0.7681 c:2.539e-08
image 3/3 03.png: PSNR=25.5856, SSIM=0.7681, update=2.539e-08
AVERAGE Inpainting, eta=10: PSNR=25.9669, SSIM=0.7749

=== Inpainting | eta=50 | lambda=0.00075 | max_iter=3000 | r=0.8 ===
    iter 00001/3000 PSNR:12.075 SSIM:0.2429 c:1.070e-02
    iter 00100/3000 PSNR:17.177 SSIM:0.4075 c:2.754e-03
    iter 00200/3000 PSNR:23.883 SSIM:0.6932 c:1.846e-03
    iter 00300/3000 PSNR:27.418 SSIM:0.8081 c:3.737e-04
    iter 00400/3000 PSNR:28.131 SSIM:0.8139 c:1.772e-04
    iter 00500/3000 PSNR:28.323 SSIM:0.8154 c:5.729e-05
    iter 00600/3000 PSNR:28.383 SSIM:0.8157 c:2.974e-05
    iter 00700/3000 PSNR:28.415 SSIM:0.8159 c:2.227e-05
    iter 00800/3000 PSNR:28.438 SSIM:0.8160 c:2.239e-05
    iter 00900/3000 PSNR:28.453 SSIM:0.8161 c:2.005e-05
    iter 01000/3000 PSNR:28.461 SSIM:0.8161 c:9.874e-06
    iter 01100/3000 PSNR:28.463 SSIM:0.8161 c:5.849e-06
    iter 01200/3000 PSNR:28.464 SSIM:0.8161 c:3.563e-06
    iter 01300/3000 PSNR:28.464 SSIM:0.8161 c:2.605e-06
    iter 01400/3000 PSNR:28.464 SSIM:0.8161 c:1.965e-06
    iter 01500/3000 PSNR:28.464 SSIM:0.8161 c:1.483e-06
    iter 01600/3000 PSNR:28.464 SSIM:0.8161 c:1.095e-06
    iter 01700/3000 PSNR:28.464 SSIM:0.8161 c:8.360e-07
    iter 01800/3000 PSNR:28.464 SSIM:0.8161 c:6.622e-07
    iter 01900/3000 PSNR:28.464 SSIM:0.8161 c:5.413e-07
    iter 02000/3000 PSNR:28.464 SSIM:0.8161 c:4.544e-07
    iter 02100/3000 PSNR:28.464 SSIM:0.8161 c:3.879e-07
    iter 02200/3000 PSNR:28.464 SSIM:0.8161 c:3.334e-07
    iter 02300/3000 PSNR:28.464 SSIM:0.8161 c:2.857e-07
    iter 02400/3000 PSNR:28.464 SSIM:0.8161 c:2.464e-07
    iter 02500/3000 PSNR:28.464 SSIM:0.8161 c:2.106e-07
    iter 02600/3000 PSNR:28.464 SSIM:0.8161 c:1.796e-07
    iter 02700/3000 PSNR:28.464 SSIM:0.8161 c:1.546e-07
    iter 02800/3000 PSNR:28.464 SSIM:0.8161 c:1.347e-07
    iter 02900/3000 PSNR:28.464 SSIM:0.8161 c:1.170e-07
    iter 03000/3000 PSNR:28.464 SSIM:0.8161 c:1.027e-07
image 1/3 01.png: PSNR=28.4638, SSIM=0.8161, update=1.027e-07
    iter 00001/3000 PSNR:11.423 SSIM:0.0971 c:7.692e-03
    iter 00100/3000 PSNR:17.086 SSIM:0.3662 c:2.950e-03
    iter 00200/3000 PSNR:24.187 SSIM:0.6988 c:1.755e-03
    iter 00300/3000 PSNR:29.858 SSIM:0.8297 c:4.164e-04
    iter 00400/3000 PSNR:31.108 SSIM:0.8400 c:1.502e-04
    iter 00500/3000 PSNR:31.357 SSIM:0.8415 c:7.756e-05
    iter 00600/3000 PSNR:31.404 SSIM:0.8416 c:1.859e-05
    iter 00700/3000 PSNR:31.401 SSIM:0.8416 c:4.400e-06
    iter 00800/3000 PSNR:31.399 SSIM:0.8416 c:1.274e-06
    iter 00900/3000 PSNR:31.399 SSIM:0.8416 c:4.383e-07
    iter 01000/3000 PSNR:31.398 SSIM:0.8416 c:1.772e-07
    iter 01100/3000 PSNR:31.398 SSIM:0.8416 c:8.161e-08
    iter 01200/3000 PSNR:31.398 SSIM:0.8416 c:4.495e-08
    iter 01300/3000 PSNR:31.398 SSIM:0.8416 c:3.166e-08
    iter 01400/3000 PSNR:31.398 SSIM:0.8416 c:2.870e-08
    iter 01500/3000 PSNR:31.398 SSIM:0.8416 c:2.762e-08
    iter 01600/3000 PSNR:31.398 SSIM:0.8416 c:2.710e-08
    iter 01700/3000 PSNR:31.398 SSIM:0.8416 c:2.719e-08
    iter 01800/3000 PSNR:31.398 SSIM:0.8416 c:2.713e-08
    iter 01900/3000 PSNR:31.398 SSIM:0.8416 c:2.712e-08
    iter 02000/3000 PSNR:31.398 SSIM:0.8416 c:2.698e-08
    iter 02100/3000 PSNR:31.398 SSIM:0.8416 c:2.692e-08
    iter 02200/3000 PSNR:31.398 SSIM:0.8416 c:2.725e-08
    iter 02300/3000 PSNR:31.398 SSIM:0.8416 c:2.677e-08
    iter 02400/3000 PSNR:31.398 SSIM:0.8416 c:2.707e-08
    iter 02500/3000 PSNR:31.398 SSIM:0.8416 c:2.731e-08
    iter 02600/3000 PSNR:31.398 SSIM:0.8416 c:2.677e-08
    iter 02700/3000 PSNR:31.398 SSIM:0.8416 c:2.708e-08
    iter 02800/3000 PSNR:31.398 SSIM:0.8416 c:2.719e-08
    iter 02900/3000 PSNR:31.398 SSIM:0.8416 c:2.715e-08
    iter 03000/3000 PSNR:31.398 SSIM:0.8416 c:2.704e-08
image 2/3 02.png: PSNR=31.3982, SSIM=0.8416, update=2.704e-08
    iter 00001/3000 PSNR:12.126 SSIM:0.1811 c:8.260e-03
    iter 00100/3000 PSNR:17.747 SSIM:0.4840 c:2.723e-03
    iter 00200/3000 PSNR:24.578 SSIM:0.7556 c:1.671e-03
    iter 00300/3000 PSNR:28.699 SSIM:0.8338 c:4.466e-04
    iter 00400/3000 PSNR:29.324 SSIM:0.8391 c:1.668e-04
    iter 00500/3000 PSNR:29.387 SSIM:0.8395 c:2.763e-05
    iter 00600/3000 PSNR:29.400 SSIM:0.8396 c:1.091e-05
    iter 00700/3000 PSNR:29.403 SSIM:0.8396 c:4.097e-06
    iter 00800/3000 PSNR:29.404 SSIM:0.8396 c:1.365e-06
    iter 00900/3000 PSNR:29.404 SSIM:0.8396 c:4.913e-07
    iter 01000/3000 PSNR:29.404 SSIM:0.8396 c:1.914e-07
    iter 01100/3000 PSNR:29.404 SSIM:0.8396 c:8.242e-08
    iter 01200/3000 PSNR:29.404 SSIM:0.8396 c:4.208e-08
    iter 01300/3000 PSNR:29.404 SSIM:0.8396 c:2.946e-08
    iter 01400/3000 PSNR:29.404 SSIM:0.8396 c:2.611e-08
    iter 01500/3000 PSNR:29.404 SSIM:0.8396 c:2.508e-08
    iter 01600/3000 PSNR:29.404 SSIM:0.8396 c:2.500e-08
    iter 01700/3000 PSNR:29.404 SSIM:0.8396 c:2.483e-08
    iter 01800/3000 PSNR:29.404 SSIM:0.8396 c:2.489e-08
    iter 01900/3000 PSNR:29.404 SSIM:0.8396 c:2.496e-08
    iter 02000/3000 PSNR:29.404 SSIM:0.8396 c:2.514e-08
    iter 02100/3000 PSNR:29.404 SSIM:0.8396 c:2.499e-08
    iter 02200/3000 PSNR:29.404 SSIM:0.8396 c:2.469e-08
    iter 02300/3000 PSNR:29.404 SSIM:0.8396 c:2.487e-08
    iter 02400/3000 PSNR:29.404 SSIM:0.8396 c:2.467e-08
    iter 02500/3000 PSNR:29.404 SSIM:0.8396 c:2.496e-08
    iter 02600/3000 PSNR:29.404 SSIM:0.8396 c:2.493e-08
    iter 02700/3000 PSNR:29.404 SSIM:0.8396 c:2.508e-08
    iter 02800/3000 PSNR:29.404 SSIM:0.8396 c:2.495e-08
    iter 02900/3000 PSNR:29.404 SSIM:0.8396 c:2.493e-08
    iter 03000/3000 PSNR:29.404 SSIM:0.8396 c:2.495e-08
image 3/3 03.png: PSNR=29.4037, SSIM=0.8396, update=2.495e-08
AVERAGE Inpainting, eta=50: PSNR=29.7552, SSIM=0.8324

=== Inpainting | eta=100 | lambda=0.0005 | max_iter=3000 | r=0.8 ===
    iter 00001/3000 PSNR:12.338 SSIM:0.2818 c:1.090e-02
    iter 00100/3000 PSNR:18.327 SSIM:0.4891 c:3.262e-03
    iter 00200/3000 PSNR:26.349 SSIM:0.7918 c:1.399e-03
    iter 00300/3000 PSNR:29.010 SSIM:0.8390 c:2.411e-04
    iter 00400/3000 PSNR:29.468 SSIM:0.8414 c:1.231e-04
    iter 00500/3000 PSNR:29.594 SSIM:0.8417 c:3.392e-05
    iter 00600/3000 PSNR:29.627 SSIM:0.8418 c:1.734e-05
    iter 00700/3000 PSNR:29.643 SSIM:0.8419 c:1.092e-05
    iter 00800/3000 PSNR:29.652 SSIM:0.8419 c:7.302e-06
    iter 00900/3000 PSNR:29.656 SSIM:0.8419 c:3.880e-06
    iter 01000/3000 PSNR:29.658 SSIM:0.8419 c:2.098e-06
    iter 01100/3000 PSNR:29.660 SSIM:0.8419 c:1.237e-06
    iter 01200/3000 PSNR:29.660 SSIM:0.8419 c:7.913e-07
    iter 01300/3000 PSNR:29.660 SSIM:0.8419 c:5.598e-07
    iter 01400/3000 PSNR:29.661 SSIM:0.8419 c:4.212e-07
    iter 01500/3000 PSNR:29.661 SSIM:0.8419 c:3.467e-07
    iter 01600/3000 PSNR:29.661 SSIM:0.8419 c:2.770e-07
    iter 01700/3000 PSNR:29.661 SSIM:0.8419 c:2.185e-07
    iter 01800/3000 PSNR:29.661 SSIM:0.8419 c:1.734e-07
    iter 01900/3000 PSNR:29.661 SSIM:0.8419 c:1.406e-07
    iter 02000/3000 PSNR:29.661 SSIM:0.8419 c:1.149e-07
    iter 02100/3000 PSNR:29.661 SSIM:0.8419 c:9.504e-08
    iter 02200/3000 PSNR:29.661 SSIM:0.8419 c:7.944e-08
    iter 02300/3000 PSNR:29.661 SSIM:0.8419 c:6.646e-08
    iter 02400/3000 PSNR:29.661 SSIM:0.8419 c:5.479e-08
    iter 02500/3000 PSNR:29.661 SSIM:0.8419 c:4.548e-08
    iter 02600/3000 PSNR:29.661 SSIM:0.8419 c:3.912e-08
    iter 02700/3000 PSNR:29.661 SSIM:0.8419 c:3.509e-08
    iter 02800/3000 PSNR:29.661 SSIM:0.8419 c:3.215e-08
    iter 02900/3000 PSNR:29.661 SSIM:0.8419 c:3.081e-08
    iter 03000/3000 PSNR:29.661 SSIM:0.8419 c:2.962e-08
image 1/3 01.png: PSNR=29.6610, SSIM=0.8419, update=2.962e-08
    iter 00001/3000 PSNR:11.687 SSIM:0.1222 c:7.672e-03
    iter 00100/3000 PSNR:18.192 SSIM:0.4698 c:3.216e-03
    iter 00200/3000 PSNR:27.180 SSIM:0.7977 c:1.454e-03
    iter 00300/3000 PSNR:32.343 SSIM:0.8599 c:2.357e-04
    iter 00400/3000 PSNR:32.953 SSIM:0.8628 c:8.737e-05
    iter 00500/3000 PSNR:33.009 SSIM:0.8629 c:1.704e-05
    iter 00600/3000 PSNR:33.009 SSIM:0.8628 c:3.502e-06
    iter 00700/3000 PSNR:33.008 SSIM:0.8628 c:8.862e-07
    iter 00800/3000 PSNR:33.007 SSIM:0.8628 c:2.651e-07
    iter 00900/3000 PSNR:33.007 SSIM:0.8628 c:9.145e-08
    iter 01000/3000 PSNR:33.007 SSIM:0.8628 c:4.125e-08
    iter 01100/3000 PSNR:33.007 SSIM:0.8628 c:2.998e-08
    iter 01200/3000 PSNR:33.007 SSIM:0.8628 c:2.799e-08
    iter 01300/3000 PSNR:33.007 SSIM:0.8628 c:2.826e-08
    iter 01400/3000 PSNR:33.007 SSIM:0.8628 c:2.783e-08
    iter 01500/3000 PSNR:33.007 SSIM:0.8628 c:2.776e-08
    iter 01600/3000 PSNR:33.007 SSIM:0.8628 c:2.782e-08
    iter 01700/3000 PSNR:33.007 SSIM:0.8628 c:2.807e-08
    iter 01800/3000 PSNR:33.007 SSIM:0.8628 c:2.788e-08
    iter 01900/3000 PSNR:33.007 SSIM:0.8628 c:2.793e-08
    iter 02000/3000 PSNR:33.007 SSIM:0.8628 c:2.784e-08
    iter 02100/3000 PSNR:33.007 SSIM:0.8628 c:2.755e-08
    iter 02200/3000 PSNR:33.007 SSIM:0.8628 c:2.749e-08
    iter 02300/3000 PSNR:33.007 SSIM:0.8628 c:2.790e-08
    iter 02400/3000 PSNR:33.007 SSIM:0.8628 c:2.753e-08
    iter 02500/3000 PSNR:33.007 SSIM:0.8628 c:2.741e-08
    iter 02600/3000 PSNR:33.007 SSIM:0.8628 c:2.775e-08
    iter 02700/3000 PSNR:33.007 SSIM:0.8628 c:2.775e-08
    iter 02800/3000 PSNR:33.007 SSIM:0.8628 c:2.788e-08
    iter 02900/3000 PSNR:33.007 SSIM:0.8628 c:2.786e-08
    iter 03000/3000 PSNR:33.007 SSIM:0.8628 c:2.788e-08
image 2/3 02.png: PSNR=33.0067, SSIM=0.8628, update=2.788e-08
    iter 00001/3000 PSNR:12.395 SSIM:0.2127 c:8.332e-03
    iter 00100/3000 PSNR:18.942 SSIM:0.5816 c:2.971e-03
    iter 00200/3000 PSNR:27.290 SSIM:0.8375 c:1.254e-03
    iter 00300/3000 PSNR:30.648 SSIM:0.8712 c:2.909e-04
    iter 00400/3000 PSNR:30.931 SSIM:0.8728 c:5.229e-05
    iter 00500/3000 PSNR:30.955 SSIM:0.8728 c:1.962e-05
    iter 00600/3000 PSNR:30.958 SSIM:0.8728 c:4.560e-06
    iter 00700/3000 PSNR:30.959 SSIM:0.8728 c:1.494e-06
    iter 00800/3000 PSNR:30.959 SSIM:0.8728 c:6.104e-07
    iter 00900/3000 PSNR:30.959 SSIM:0.8728 c:2.803e-07
    iter 01000/3000 PSNR:30.959 SSIM:0.8728 c:1.367e-07
    iter 01100/3000 PSNR:30.959 SSIM:0.8728 c:7.238e-08
    iter 01200/3000 PSNR:30.959 SSIM:0.8728 c:4.334e-08
    iter 01300/3000 PSNR:30.959 SSIM:0.8728 c:3.154e-08
    iter 01400/3000 PSNR:30.959 SSIM:0.8728 c:2.757e-08
    iter 01500/3000 PSNR:30.959 SSIM:0.8728 c:2.619e-08
    iter 01600/3000 PSNR:30.959 SSIM:0.8728 c:2.576e-08
    iter 01700/3000 PSNR:30.959 SSIM:0.8728 c:2.557e-08
    iter 01800/3000 PSNR:30.959 SSIM:0.8728 c:2.576e-08
    iter 01900/3000 PSNR:30.959 SSIM:0.8728 c:2.543e-08
    iter 02000/3000 PSNR:30.959 SSIM:0.8728 c:2.569e-08
    iter 02100/3000 PSNR:30.959 SSIM:0.8728 c:2.590e-08
    iter 02200/3000 PSNR:30.959 SSIM:0.8728 c:2.561e-08
    iter 02300/3000 PSNR:30.959 SSIM:0.8728 c:2.544e-08
    iter 02400/3000 PSNR:30.959 SSIM:0.8728 c:2.555e-08
    iter 02500/3000 PSNR:30.959 SSIM:0.8728 c:2.562e-08
    iter 02600/3000 PSNR:30.959 SSIM:0.8728 c:2.546e-08
    iter 02700/3000 PSNR:30.959 SSIM:0.8728 c:2.549e-08
    iter 02800/3000 PSNR:30.959 SSIM:0.8728 c:2.570e-08
    iter 02900/3000 PSNR:30.959 SSIM:0.8728 c:2.586e-08
    iter 03000/3000 PSNR:30.959 SSIM:0.8728 c:2.556e-08
image 3/3 03.png: PSNR=30.9592, SSIM=0.8728, update=2.556e-08
AVERAGE Inpainting, eta=100: PSNR=31.2090, SSIM=0.8592

=== Inpainting | eta=200 | lambda=0.0005 | max_iter=3000 | r=0.8 ===
    iter 00001/3000 PSNR:12.478 SSIM:0.3131 c:1.098e-02
    iter 00100/3000 PSNR:19.358 SSIM:0.5490 c:3.384e-03
    iter 00200/3000 PSNR:28.277 SSIM:0.8512 c:1.011e-03
    iter 00300/3000 PSNR:30.473 SSIM:0.8727 c:1.880e-04
    iter 00400/3000 PSNR:31.166 SSIM:0.8746 c:1.444e-04
    iter 00500/3000 PSNR:31.327 SSIM:0.8750 c:4.649e-05
    iter 00600/3000 PSNR:31.361 SSIM:0.8751 c:2.063e-05
    iter 00700/3000 PSNR:31.367 SSIM:0.8751 c:9.294e-06
    iter 00800/3000 PSNR:31.368 SSIM:0.8751 c:5.158e-06
    iter 00900/3000 PSNR:31.367 SSIM:0.8751 c:3.360e-06
    iter 01000/3000 PSNR:31.365 SSIM:0.8751 c:2.342e-06
    iter 01100/3000 PSNR:31.364 SSIM:0.8751 c:1.697e-06
    iter 01200/3000 PSNR:31.363 SSIM:0.8751 c:1.210e-06
    iter 01300/3000 PSNR:31.363 SSIM:0.8751 c:8.629e-07
    iter 01400/3000 PSNR:31.362 SSIM:0.8751 c:5.943e-07
    iter 01500/3000 PSNR:31.362 SSIM:0.8751 c:4.196e-07
    iter 01600/3000 PSNR:31.362 SSIM:0.8751 c:3.144e-07
    iter 01700/3000 PSNR:31.362 SSIM:0.8751 c:2.407e-07
    iter 01800/3000 PSNR:31.362 SSIM:0.8751 c:1.802e-07
    iter 01900/3000 PSNR:31.362 SSIM:0.8751 c:1.387e-07
    iter 02000/3000 PSNR:31.362 SSIM:0.8751 c:1.134e-07
    iter 02100/3000 PSNR:31.362 SSIM:0.8751 c:9.738e-08
    iter 02200/3000 PSNR:31.362 SSIM:0.8751 c:8.463e-08
    iter 02300/3000 PSNR:31.362 SSIM:0.8751 c:7.349e-08
    iter 02400/3000 PSNR:31.362 SSIM:0.8751 c:6.476e-08
    iter 02500/3000 PSNR:31.362 SSIM:0.8751 c:5.802e-08
    iter 02600/3000 PSNR:31.362 SSIM:0.8751 c:5.195e-08
    iter 02700/3000 PSNR:31.362 SSIM:0.8751 c:4.742e-08
    iter 02800/3000 PSNR:31.362 SSIM:0.8751 c:4.359e-08
    iter 02900/3000 PSNR:31.362 SSIM:0.8751 c:4.006e-08
    iter 03000/3000 PSNR:31.362 SSIM:0.8751 c:3.747e-08
image 1/3 01.png: PSNR=31.3615, SSIM=0.8751, update=3.747e-08
    iter 00001/3000 PSNR:11.827 SSIM:0.1519 c:7.776e-03
    iter 00100/3000 PSNR:19.237 SSIM:0.5412 c:3.194e-03
    iter 00200/3000 PSNR:29.584 SSIM:0.8448 c:1.171e-03
    iter 00300/3000 PSNR:33.799 SSIM:0.8768 c:2.269e-04
    iter 00400/3000 PSNR:34.200 SSIM:0.8783 c:6.656e-05
    iter 00500/3000 PSNR:34.251 SSIM:0.8785 c:6.419e-06
    iter 00600/3000 PSNR:34.251 SSIM:0.8785 c:2.283e-07
    iter 00700/3000 PSNR:34.252 SSIM:0.8785 c:4.285e-08
    iter 00800/3000 PSNR:34.252 SSIM:0.8785 c:2.855e-08
    iter 00900/3000 PSNR:34.252 SSIM:0.8785 c:2.756e-08
    iter 01000/3000 PSNR:34.252 SSIM:0.8785 c:2.758e-08
    iter 01100/3000 PSNR:34.252 SSIM:0.8785 c:2.770e-08
    iter 01200/3000 PSNR:34.252 SSIM:0.8785 c:2.755e-08
    iter 01300/3000 PSNR:34.252 SSIM:0.8785 c:2.735e-08
    iter 01400/3000 PSNR:34.252 SSIM:0.8785 c:2.749e-08
    iter 01500/3000 PSNR:34.252 SSIM:0.8785 c:2.730e-08
    iter 01600/3000 PSNR:34.252 SSIM:0.8785 c:2.739e-08
    iter 01700/3000 PSNR:34.252 SSIM:0.8785 c:2.713e-08
    iter 01800/3000 PSNR:34.252 SSIM:0.8785 c:2.760e-08
    iter 01900/3000 PSNR:34.252 SSIM:0.8785 c:2.750e-08
    iter 02000/3000 PSNR:34.252 SSIM:0.8785 c:2.749e-08
    iter 02100/3000 PSNR:34.252 SSIM:0.8785 c:2.727e-08
    iter 02200/3000 PSNR:34.252 SSIM:0.8785 c:2.738e-08
    iter 02300/3000 PSNR:34.252 SSIM:0.8785 c:2.743e-08
    iter 02400/3000 PSNR:34.252 SSIM:0.8785 c:2.747e-08
    iter 02500/3000 PSNR:34.252 SSIM:0.8785 c:2.738e-08
    iter 02600/3000 PSNR:34.252 SSIM:0.8785 c:2.756e-08
    iter 02700/3000 PSNR:34.252 SSIM:0.8785 c:2.774e-08
    iter 02800/3000 PSNR:34.252 SSIM:0.8785 c:2.741e-08
    iter 02900/3000 PSNR:34.252 SSIM:0.8785 c:2.773e-08
    iter 03000/3000 PSNR:34.252 SSIM:0.8785 c:2.717e-08
image 2/3 02.png: PSNR=34.2516, SSIM=0.8785, update=2.717e-08
    iter 00001/3000 PSNR:12.546 SSIM:0.2427 c:8.498e-03
    iter 00100/3000 PSNR:19.873 SSIM:0.6368 c:3.037e-03
    iter 00200/3000 PSNR:29.189 SSIM:0.8692 c:1.112e-03
    iter 00300/3000 PSNR:32.320 SSIM:0.8924 c:1.863e-04
    iter 00400/3000 PSNR:32.536 SSIM:0.8933 c:3.756e-05
    iter 00500/3000 PSNR:32.586 SSIM:0.8934 c:2.412e-05
    iter 00600/3000 PSNR:32.605 SSIM:0.8935 c:1.075e-05
    iter 00700/3000 PSNR:32.608 SSIM:0.8935 c:1.599e-06
    iter 00800/3000 PSNR:32.608 SSIM:0.8935 c:2.188e-07
    iter 00900/3000 PSNR:32.608 SSIM:0.8935 c:4.088e-08
    iter 01000/3000 PSNR:32.608 SSIM:0.8935 c:2.617e-08
    iter 01100/3000 PSNR:32.608 SSIM:0.8935 c:2.564e-08
    iter 01200/3000 PSNR:32.608 SSIM:0.8935 c:2.562e-08
    iter 01300/3000 PSNR:32.608 SSIM:0.8935 c:2.561e-08
    iter 01400/3000 PSNR:32.608 SSIM:0.8935 c:2.548e-08
    iter 01500/3000 PSNR:32.608 SSIM:0.8935 c:2.552e-08
    iter 01600/3000 PSNR:32.608 SSIM:0.8935 c:2.584e-08
    iter 01700/3000 PSNR:32.608 SSIM:0.8935 c:2.541e-08
    iter 01800/3000 PSNR:32.608 SSIM:0.8935 c:2.547e-08
    iter 01900/3000 PSNR:32.608 SSIM:0.8935 c:2.550e-08
    iter 02000/3000 PSNR:32.608 SSIM:0.8935 c:2.564e-08
    iter 02100/3000 PSNR:32.608 SSIM:0.8935 c:2.563e-08
    iter 02200/3000 PSNR:32.608 SSIM:0.8935 c:2.551e-08
    iter 02300/3000 PSNR:32.608 SSIM:0.8935 c:2.562e-08
    iter 02400/3000 PSNR:32.608 SSIM:0.8935 c:2.533e-08
    iter 02500/3000 PSNR:32.608 SSIM:0.8935 c:2.543e-08
    iter 02600/3000 PSNR:32.608 SSIM:0.8935 c:2.569e-08
    iter 02700/3000 PSNR:32.608 SSIM:0.8935 c:2.541e-08
    iter 02800/3000 PSNR:32.608 SSIM:0.8935 c:2.559e-08
    iter 02900/3000 PSNR:32.608 SSIM:0.8935 c:2.579e-08
    iter 03000/3000 PSNR:32.608 SSIM:0.8935 c:2.531e-08
image 3/3 03.png: PSNR=32.6081, SSIM=0.8935, update=2.531e-08
AVERAGE Inpainting, eta=200: PSNR=32.7404, SSIM=0.8824

Saved:
/home/dc3000/shares/mdrive/PhD/projects_6oct2025/score_primal_dual_pnp_project/refs/pds_pnp_ref/results_table7_proposed/table7_proposed_detail.csv
/home/dc3000/shares/mdrive/PhD/projects_6oct2025/score_primal_dual_pnp_project/refs/pds_pnp_ref/results_table7_proposed/table7_proposed_matrix.csv

Final Table VII Proposed-only row:
Deblurring: 19.02 & 20.18 & 22.87 & 25.17 & 26.44 & 27.77
Inpainting: 18.62 & 21.16 & 25.97 & 29.76 & 31.21 & 32.74
